/* Dibuat otomatis oleh gensplash.py dari IMG-20260821-WA0004.jpg.
   Jangan diedit manual -- jalankan ulang skripnya.
   Latar SUDAH dipanggang ke dalam gambar: warnanya harus sama
   persis dengan SPL_BG di touch.ino, kalau tidak kotak gambarnya
   akan terlihat sebagai persegi yang lebih terang. */
#pragma once
#include <lvgl.h>

/* spl_mark: 90x104, 18720 bytes -- hue digeser teal -> biru (+43 derajat) setelah dibuat */
static const uint8_t spl_mark_map[] = {
  0x62,0x08,0x62,0x08,0x62,0x08,0x62,0x08,0x62,0x08,0x62,0x08,0x62,0x08,0x62,0x08,0x62,0x08,0x62,0x08,0x62,0x08,0x62,0x08,
  0x62,0x08,0x62,0x08,0x62,0x08,0x62,0x08,0x62,0x08,0x62,0x08,0x62,0x08,0x83,0x10,0x62,0x08,0x62,0x10,0xA7,0x31,0xED,0x52,
  0xA8,0x31,0x83,0x10,0xCF,0x63,0xD6,0x84,0xF7,0x84,0x38,0x95,0x58,0x95,0x99,0x95,0xB9,0x95,0x99,0x9D,0x99,0x9D,0x79,0x95,
  0x79,0x95,0x79,0x95,0x79,0x95,0xB9,0x95,0xB9,0x95,0xB9,0x95,0x99,0x95,0x99,0x95,0x99,0x95,0x99,0x95,0x59,0x95,0x79,0x95,
  0xB9,0x95,0xB9,0x95,0x79,0x95,0x79,0x95,0x99,0x9D,0x99,0x9D,0x99,0x9D,0x99,0x9D,0x99,0x9D,0x99,0x95,0x58,0x95,0x78,0x95,
  0x17,0x8D,0x17,0x85,0xF6,0x84,0x6D,0x5B,0xC4,0x18,0xCB,0x4A,0x8D,0x5B,0xC7,0x31,0x83,0x10,0x42,0x08,0x82,0x08,0x62,0x08,
  0x62,0x08,0x42,0x08,0x62,0x08,0x62,0x08,0x62,0x08,0x62,0x08,0x62,0x08,0x62,0x08,0x62,0x08,0x62,0x08,0x62,0x08,0x82,0x08,
  0x82,0x08,0x62,0x08,0x62,0x08,0x42,0x08,0x62,0x08,0x42,0x08,0x42,0x08,0x62,0x08,0x62,0x08,0x62,0x08,0x62,0x08,0x62,0x08,
  0x62,0x08,0x42,0x08,0x42,0x08,0x62,0x08,0x62,0x08,0x62,0x08,0x62,0x08,0x62,0x08,0x62,0x08,0x62,0x08,0x42,0x08,0x62,0x08,
  0x42,0x08,0xA3,0x18,0x69,0x42,0xB2,0x63,0xD6,0x74,0x38,0x5C,0x4C,0x3A,0xCE,0x63,0xDA,0x95,0x18,0x7D,0x18,0x7D,0x58,0x85,
  0x58,0x85,0x18,0x7D,0x18,0x7D,0x18,0x7D,0x18,0x7D,0x18,0x7D,0x18,0x7D,0x18,0x7D,0x18,0x7D,0x18,0x7D,0x18,0x7D,0x18,0x7D,
  0x18,0x7D,0x18,0x7D,0x18,0x7D,0x18,0x7D,0x18,0x7D,0x18,0x7D,0x58,0x85,0x58,0x85,0x58,0x85,0x18,0x7D,0x18,0x7D,0x18,0x7D,
  0x58,0x85,0x58,0x85,0x58,0x85,0x58,0x85,0x58,0x85,0x58,0x85,0x58,0x85,0xF8,0x84,0x39,0x85,0x7A,0x8D,0xAE,0x63,0x10,0x4B,
  0x98,0x64,0xD6,0x74,0xF2,0x63,0x69,0x42,0x82,0x10,0x41,0x00,0x62,0x08,0x62,0x08,0x62,0x08,0x62,0x08,0x62,0x08,0x62,0x08,
  0x62,0x08,0x62,0x08,0x62,0x08,0x62,0x08,0x62,0x08,0x62,0x08,0x62,0x08,0x62,0x08,0x62,0x08,0x62,0x08,0x62,0x08,0x62,0x08,
  0x62,0x08,0x62,0x08,0x42,0x08,0x42,0x08,0x42,0x08,0x42,0x08,0x42,0x08,0x42,0x08,0x62,0x08,0x42,0x08,0x42,0x08,0x62,0x08,
  0x62,0x08,0x62,0x08,0x62,0x08,0x62,0x08,0x62,0x08,0x62,0x08,0x25,0x29,0xD2,0x6B,0xB8,0x74,0x59,0x85,0xDA,0xA5,0x95,0x4B,
  0xD3,0x6B,0x58,0x85,0xF8,0x74,0x38,0x7D,0x38,0x7D,0x38,0x7D,0xF8,0x7C,0xF8,0x7C,0xF8,0x7C,0xF8,0x7C,0xF8,0x7C,0xF8,0x7C,
  0xF8,0x7C,0xF8,0x7C,0xF8,0x7C,0xF8,0x7C,0xF8,0x7C,0xF8,0x7C,0xF8,0x7C,0xF8,0x7C,0xF8,0x7C,0xF8,0x7C,0xF8,0x7C,0xF8,0x7C,
  0xF8,0x7C,0xF8,0x7C,0xF8,0x7C,0xF8,0x7C,0xF8,0x7C,0xF8,0x7C,0xF8,0x7C,0xF8,0x7C,0xF8,0x7C,0xF8,0x7C,0xF8,0x7C,0xF8,0x7C,
  0x38,0x7D,0x38,0x7D,0x17,0x7D,0xD7,0x74,0x58,0x8D,0xB3,0x63,0x16,0x5C,0xDA,0xA5,0x59,0x85,0x18,0x7D,0xB0,0x63,0xE4,0x20,
  0x62,0x08,0x62,0x08,0x42,0x08,0x42,0x08,0x42,0x08,0x42,0x08,0x62,0x08,0x62,0x08,0x62,0x08,0x62,0x08,0x62,0x08,0x62,0x08,
  0x62,0x08,0x62,0x08,0x62,0x08,0x42,0x08,0x62,0x08,0x42,0x08,0x62,0x08,0x62,0x08,0x62,0x08,0x42,0x08,0x42,0x08,0x42,0x08,
  0x42,0x08,0x62,0x08,0x62,0x08,0x42,0x08,0x42,0x08,0x62,0x08,0x42,0x08,0x62,0x08,0x62,0x08,0x62,0x08,0x42,0x08,0x45,0x29,
  0x34,0x6C,0x19,0x75,0x79,0x95,0xDA,0xA5,0xDA,0xA5,0x55,0x4B,0xB8,0x74,0xD7,0x74,0xB7,0x6C,0xB7,0x6C,0xB7,0x6C,0xB7,0x6C,
  0xB7,0x6C,0xB7,0x6C,0xB7,0x6C,0xB7,0x6C,0xB7,0x6C,0x77,0x6C,0x77,0x6C,0xB7,0x6C,0xB7,0x6C,0x77,0x6C,0xB7,0x6C,0xB7,0x6C,
  0xB7,0x6C,0xB7,0x6C,0xB7,0x6C,0xB7,0x6C,0xB7,0x6C,0xB7,0x6C,0xB7,0x6C,0xB7,0x6C,0xB7,0x6C,0xB7,0x6C,0xB7,0x6C,0xB7,0x6C,
  0xB7,0x6C,0xB7,0x6C,0xB7,0x6C,0xB7,0x6C,0xD7,0x74,0xD7,0x74,0xB7,0x6C,0xB7,0x6C,0xB7,0x6C,0x77,0x6C,0xD7,0x74,0x15,0x64,
  0xD6,0x53,0x3B,0xAE,0x1A,0xA6,0xB9,0x95,0x19,0x75,0x13,0x6C,0x05,0x21,0x41,0x08,0x62,0x08,0x42,0x08,0x42,0x08,0x42,0x08,
  0x42,0x08,0x62,0x08,0x62,0x08,0x42,0x08,0x62,0x08,0x42,0x08,0x62,0x08,0x62,0x08,0x62,0x08,0x42,0x08,0x82,0x10,0x42,0x08,
  0x42,0x08,0x42,0x08,0x62,0x08,0x62,0x08,0x62,0x08,0x62,0x08,0x62,0x08,0x62,0x08,0x62,0x08,0x62,0x08,0x62,0x08,0x62,0x08,
  0x42,0x08,0x42,0x08,0x42,0x08,0x42,0x08,0x21,0x08,0x6F,0x5B,0xB8,0x6C,0x99,0x95,0xDA,0x9D,0xDA,0x9D,0x79,0x95,0x34,0x43,
  0x36,0x5C,0x97,0x64,0x76,0x64,0x97,0x64,0x97,0x64,0x76,0x64,0x76,0x64,0x76,0x64,0x97,0x64,0x76,0x64,0x76,0x64,0x76,0x64,
  0x76,0x64,0x76,0x64,0x76,0x64,0x76,0x64,0x76,0x64,0x76,0x64,0x76,0x64,0x76,0x64,0x97,0x64,0x36,0x64,0x36,0x64,0x36,0x64,
  0x76,0x64,0x97,0x64,0x76,0x64,0x97,0x64,0x97,0x64,0x97,0x64,0x36,0x64,0x36,0x64,0x36,0x64,0x57,0x64,0x76,0x64,0x76,0x64,
  0x97,0x64,0x97,0x64,0x97,0x64,0x97,0x64,0x57,0x64,0xD6,0x53,0xD5,0x4B,0xFA,0x9D,0xDA,0x9D,0xDA,0x9D,0x59,0x8D,0xB8,0x6C,
  0x0D,0x53,0x21,0x00,0x62,0x08,0x82,0x08,0x62,0x08,0x62,0x08,0x62,0x08,0x62,0x08,0x62,0x08,0x62,0x08,0x62,0x08,0x42,0x08,
  0x62,0x08,0x42,0x08,0x62,0x08,0x62,0x08,0x82,0x08,0x42,0x08,0x62,0x08,0x42,0x08,0x62,0x08,0x62,0x08,0x62,0x08,0x42,0x08,
  0x62,0x08,0x62,0x08,0x62,0x08,0x62,0x08,0x62,0x08,0x62,0x08,0x62,0x08,0x42,0x08,0x62,0x08,0x62,0x08,0xC3,0x18,0x55,0x6C,
  0x58,0x85,0xB9,0x95,0x79,0x8D,0xB9,0x95,0xF8,0x84,0xF4,0x32,0x16,0x5C,0x76,0x64,0x36,0x5C,0x36,0x5C,0x16,0x5C,0x16,0x5C,
  0x36,0x5C,0x36,0x5C,0x36,0x5C,0x36,0x5C,0x36,0x5C,0x36,0x5C,0x36,0x5C,0x36,0x5C,0x36,0x5C,0x36,0x5C,0x36,0x5C,0x16,0x5C,
  0x36,0x5C,0x36,0x5C,0x36,0x5C,0x36,0x5C,0x36,0x5C,0x16,0x5C,0x36,0x5C,0x36,0x5C,0x16,0x5C,0x16,0x5C,0x16,0x5C,0x16,0x5C,
  0x16,0x5C,0x16,0x5C,0x36,0x5C,0x36,0x5C,0x36,0x5C,0x36,0x5C,0x36,0x5C,0x36,0x5C,0x36,0x5C,0x36,0x5C,0x36,0x5C,0xB6,0x4B,
  0x35,0x3B,0x79,0x95,0xB9,0x95,0x79,0x8D,0x79,0x95,0x18,0x7D,0x14,0x64,0xA3,0x18,0x83,0x10,0x82,0x08,0x62,0x08,0x62,0x08,
  0x62,0x08,0x62,0x08,0x62,0x08,0x62,0x08,0x62,0x08,0x42,0x08,0x62,0x08,0x42,0x08,0x42,0x08,0x62,0x08,0x62,0x08,0x42,0x08,
  0x62,0x08,0x62,0x08,0x62,0x08,0x62,0x08,0x62,0x08,0x62,0x08,0x62,0x08,0x42,0x08,0x62,0x08,0x42,0x08,0x62,0x08,0x62,0x08,
  0x62,0x08,0x42,0x08,0x82,0x08,0x42,0x08,0x28,0x3A,0xF8,0x7C,0x58,0x85,0x59,0x8D,0x39,0x85,0x59,0x8D,0xB7,0x74,0xD3,0x32,
  0xD6,0x53,0xD6,0x53,0xD6,0x53,0xD6,0x53,0xD6,0x53,0xD6,0x53,0xD6,0x53,0xD6,0x53,0xD6,0x53,0xD6,0x53,0x16,0x5C,0x16,0x5C,
  0xD6,0x53,0x16,0x5C,0x16,0x5C,0x16,0x5C,0x16,0x5C,0xD6,0x53,0xD6,0x53,0xD6,0x53,0xD6,0x53,0xB5,0x53,0xB5,0x53,0xD6,0x53,
  0xD6,0x53,0xD6,0x53,0x16,0x5C,0x16,0x5C,0x16,0x5C,0x16,0x5C,0x16,0x5C,0xD6,0x53,0x16,0x5C,0xD6,0x53,0xD6,0x53,0x16,0x5C,
  0x16,0x5C,0x16,0x5C,0x16,0x5C,0x16,0x5C,0xD6,0x53,0xD6,0x53,0xF4,0x32,0x18,0x85,0x59,0x8D,0x59,0x8D,0x59,0x8D,0x58,0x85,
  0xD7,0x7C,0xC7,0x31,0x62,0x08,0x83,0x10,0x62,0x08,0x62,0x08,0x62,0x08,0x42,0x08,0x62,0x08,0x42,0x08,0x42,0x08,0x42,0x08,
  0x62,0x08,0x42,0x08,0x62,0x08,0x62,0x08,0x62,0x08,0x62,0x08,0x62,0x08,0x62,0x08,0x62,0x08,0x42,0x08,0x42,0x08,0x62,0x08,
  0x62,0x08,0x62,0x08,0x62,0x08,0x62,0x08,0x42,0x08,0x42,0x08,0x42,0x08,0x42,0x08,0x62,0x08,0x01,0x00,0x0E,0x53,0x19,0x75,
  0x58,0x85,0x58,0x85,0x58,0x85,0x58,0x85,0x16,0x5C,0xD3,0x32,0xB5,0x53,0xD5,0x4B,0xD5,0x4B,0x95,0x4B,0x95,0x4B,0x95,0x4B,
  0x95,0x4B,0x95,0x4B,0xD5,0x4B,0xD5,0x4B,0x95,0x4B,0xD5,0x4B,0x95,0x43,0x75,0x43,0x35,0x3B,0xD4,0x32,0x14,0x3B,0x14,0x33,
  0x14,0x33,0x14,0x3B,0x14,0x3B,0x14,0x3B,0x14,0x3B,0xF4,0x32,0xD4,0x32,0xD4,0x32,0x35,0x3B,0x35,0x3B,0x75,0x43,0x95,0x4B,
  0xD5,0x4B,0xD5,0x4B,0xD5,0x4B,0xD5,0x4B,0x95,0x4B,0xB5,0x53,0xB5,0x53,0xB5,0x53,0xB5,0x53,0xB5,0x53,0x95,0x4B,0xB5,0x53,
  0xD3,0x32,0x77,0x6C,0x58,0x85,0x58,0x85,0x58,0x85,0x18,0x85,0xF8,0x74,0x2C,0x53,0x42,0x08,0x83,0x10,0x62,0x08,0x62,0x08,
  0x62,0x08,0x62,0x08,0x62,0x08,0x62,0x08,0x62,0x08,0x62,0x08,0x62,0x08,0x42,0x08,0x42,0x08,0x42,0x08,0x62,0x08,0x62,0x08,
  0x62,0x08,0x62,0x08,0x62,0x08,0x62,0x08,0x62,0x08,0x62,0x08,0x62,0x08,0x62,0x08,0x62,0x08,0x62,0x08,0x62,0x08,0x62,0x08,
  0x42,0x08,0x62,0x08,0x83,0x10,0x62,0x10,0x13,0x64,0xF8,0x74,0xF8,0x7C,0xF8,0x7C,0xF8,0x7C,0x18,0x7D,0xD5,0x4B,0xF4,0x32,
  0x75,0x43,0x34,0x43,0x34,0x43,0x75,0x43,0x75,0x43,0x75,0x43,0x75,0x43,0x75,0x43,0x14,0x3B,0xD4,0x2A,0xF4,0x32,0xB4,0x32,
  0x14,0x43,0x74,0x53,0x53,0x5B,0xB3,0x63,0xB2,0x6B,0x34,0x7C,0xF2,0x73,0x92,0x7C,0xB2,0x7C,0xB2,0x7C,0xB2,0x7C,0x91,0x74,
  0x34,0x7C,0xB2,0x6B,0xB3,0x63,0x73,0x5B,0x74,0x53,0x14,0x3B,0xF4,0x32,0xD4,0x2A,0xF4,0x32,0x14,0x3B,0x75,0x43,0x95,0x4B,
  0x75,0x43,0x75,0x43,0x75,0x43,0x75,0x43,0x75,0x43,0x95,0x4B,0xF4,0x32,0xD6,0x53,0x58,0x85,0xF8,0x7C,0xF8,0x7C,0x17,0x7D,
  0xD8,0x6C,0xD2,0x6B,0x62,0x10,0xA3,0x10,0x62,0x08,0x62,0x08,0x62,0x08,0x62,0x08,0x62,0x08,0x62,0x08,0x62,0x08,0x62,0x08,
  0x62,0x08,0x62,0x08,0x42,0x08,0x62,0x08,0x62,0x08,0x62,0x08,0x62,0x08,0x62,0x08,0x62,0x08,0x62,0x08,0x62,0x08,0x62,0x08,
  0x62,0x08,0x62,0x08,0x62,0x08,0x62,0x08,0x62,0x08,0x62,0x08,0x62,0x08,0x62,0x08,0x62,0x08,0xA7,0x31,0xB7,0x74,0xB7,0x6C,
  0xD7,0x74,0xD7,0x74,0xD7,0x74,0xD7,0x74,0x14,0x3B,0xF4,0x32,0x54,0x3B,0x14,0x3B,0xF4,0x32,0x14,0x33,0xD4,0x32,0xF4,0x32,
  0xF3,0x2A,0xF4,0x32,0x55,0x4B,0x37,0x6C,0xD7,0x8C,0xB8,0xA5,0xD8,0xB5,0xB8,0xAD,0xB8,0xAD,0xF9,0xB5,0xF9,0xB5,0x3A,0xB6,
  0x3A,0xB6,0x3A,0xB6,0x3A,0xB6,0x3A,0xB6,0x3A,0xB6,0x3A,0xB6,0x3A,0xB6,0x39,0xB6,0xF9,0xB5,0xB8,0xAD,0xD8,0xB5,0xB8,0xAD,
  0x37,0x95,0xD7,0x84,0xF6,0x63,0x14,0x3B,0x93,0x2A,0x93,0x2A,0xF4,0x32,0x14,0x3B,0x14,0x3B,0x14,0x3B,0x14,0x3B,0x14,0x3B,
  0xB4,0x32,0x34,0x43,0xD7,0x74,0xD7,0x74,0xD7,0x74,0xD7,0x74,0xB7,0x6C,0x96,0x74,0x05,0x21,0x62,0x08,0x62,0x08,0x62,0x08,
  0x62,0x08,0x42,0x08,0x42,0x08,0x62,0x08,0x62,0x08,0x42,0x08,0x42,0x08,0x62,0x08,0x62,0x08,0x62,0x08,0x42,0x08,0x62,0x08,
  0x62,0x08,0x62,0x08,0x42,0x08,0x62,0x08,0x62,0x08,0x62,0x08,0x62,0x08,0x42,0x08,0x62,0x08,0x42,0x08,0x42,0x08,0x42,0x08,
  0x62,0x08,0x62,0x08,0x42,0x08,0xED,0x52,0xF8,0x74,0x97,0x64,0x77,0x6C,0x77,0x6C,0xB7,0x6C,0x36,0x64,0xF4,0x32,0xD4,0x2A,
  0xD4,0x2A,0xF4,0x32,0xF4,0x32,0x33,0x22,0x93,0x22,0x34,0x43,0xB8,0x7C,0x3B,0xB6,0xBB,0xC6,0xBB,0xC6,0x3B,0xB6,0x3B,0xAE,
  0x5B,0xAE,0x1B,0xAE,0x5C,0xAE,0x7C,0xB6,0x3C,0xB6,0x3C,0xB6,0x5C,0xBE,0x9C,0xBE,0x5C,0xBE,0x9C,0xBE,0x5C,0xBE,0x3C,0xB6,
  0x7C,0xB6,0x7C,0xB6,0x5C,0xAE,0x1B,0xAE,0x1B,0xAE,0x3B,0xAE,0x1A,0xAE,0x9B,0xBE,0x9B,0xBE,0x7B,0xBE,0xDA,0xA5,0x77,0x6C,
  0x14,0x3B,0xB3,0x22,0x93,0x2A,0xF4,0x32,0xB4,0x32,0xF4,0x32,0xD3,0x32,0xD3,0x32,0x36,0x64,0x77,0x6C,0x77,0x6C,0x77,0x6C,
  0x77,0x6C,0x18,0x7D,0x4A,0x42,0x42,0x08,0x62,0x08,0x62,0x08,0x62,0x08,0x42,0x08,0x42,0x08,0x42,0x08,0x62,0x08,0x42,0x08,
  0x42,0x08,0x62,0x08,0x62,0x08,0x62,0x08,0x62,0x08,0x42,0x08,0x62,0x08,0x62,0x08,0x62,0x08,0x62,0x08,0x62,0x08,0x62,0x08,
  0x42,0x08,0x42,0x08,0x42,0x08,0x42,0x08,0x42,0x08,0x42,0x08,0x42,0x08,0x62,0x08,0xA3,0x18,0xB3,0x63,0x77,0x64,0x76,0x64,
  0x57,0x64,0x57,0x64,0xB7,0x6C,0xB5,0x53,0xD4,0x2A,0xF4,0x32,0xF4,0x32,0x93,0x2A,0xD3,0x32,0xD6,0x5B,0x99,0x9D,0xBC,0xBE,
  0xBC,0xBE,0x3B,0xAE,0xBA,0x9D,0xBA,0x9D,0xDA,0xA5,0x1B,0xA6,0x3B,0xAE,0xFB,0xAD,0x5B,0xB6,0x7C,0xB6,0x5C,0xBE,0xBC,0xC6,
  0xBC,0xC6,0xDD,0xC6,0xDD,0xCE,0x1D,0xCF,0xDD,0xC6,0xBC,0xC6,0xBC,0xC6,0x5C,0xBE,0xBC,0xBE,0x5B,0xB6,0xFB,0xAD,0x3B,0xAE,
  0xDA,0xA5,0xBA,0x9D,0xFA,0x9D,0xFA,0x9D,0x3B,0xAE,0x9C,0xC6,0xBC,0xBE,0x59,0x95,0xB5,0x53,0xF3,0x2A,0x73,0x2A,0xF4,0x32,
  0xF4,0x32,0x93,0x2A,0xB5,0x53,0xB7,0x6C,0xB7,0x6C,0x77,0x6C,0xB7,0x6C,0xF8,0x74,0x91,0x63,0x62,0x10,0x62,0x08,0x42,0x08,
  0x62,0x08,0x42,0x08,0x42,0x08,0x42,0x08,0x62,0x08,0x42,0x08,0x42,0x08,0x62,0x08,0x42,0x08,0x62,0x08,0x62,0x08,0x42,0x08,
  0x62,0x08,0x62,0x08,0x62,0x08,0x42,0x08,0x42,0x08,0x62,0x08,0x62,0x08,0x42,0x08,0x42,0x08,0x42,0x08,0x42,0x08,0x42,0x08,
  0x62,0x08,0x21,0x00,0xC7,0x31,0xD7,0x74,0x36,0x5C,0x76,0x64,0x76,0x64,0x76,0x64,0x76,0x64,0x14,0x3B,0x94,0x2A,0x93,0x2A,
  0xD4,0x2A,0x57,0x64,0x1A,0xAE,0xBC,0xBE,0xDA,0xA5,0x79,0x95,0xB9,0x95,0x9A,0x95,0xDA,0x9D,0xDA,0xA5,0x3B,0xAE,0x1B,0xAE,
  0x5B,0xB6,0x3B,0xAE,0x9A,0x9D,0x19,0x8D,0xB8,0x7C,0x77,0x6C,0x57,0x64,0x36,0x64,0x57,0x64,0x57,0x64,0x36,0x64,0x77,0x6C,
  0x97,0x74,0xF8,0x84,0x59,0x95,0xDA,0x9D,0x1B,0xA6,0x3B,0xAE,0x3B,0xAE,0x1B,0xA6,0xBA,0x9D,0xDA,0x9D,0x9A,0x95,0x79,0x95,
  0xDA,0x9D,0x3B,0xAE,0x5B,0xB6,0x79,0x95,0xB5,0x53,0xB3,0x2A,0x93,0x2A,0x93,0x2A,0x54,0x3B,0x97,0x64,0x76,0x64,0x76,0x64,
  0x76,0x64,0x77,0x6C,0xD6,0x74,0x04,0x21,0x21,0x00,0x42,0x08,0x42,0x08,0x42,0x08,0x42,0x08,0x42,0x08,0x62,0x08,0x62,0x08,
  0x62,0x08,0x42,0x08,0x62,0x08,0x62,0x08,0x62,0x08,0x62,0x08,0x62,0x08,0x42,0x08,0x62,0x08,0x62,0x08,0x62,0x08,0x62,0x08,
  0x62,0x08,0x62,0x08,0x42,0x08,0x42,0x08,0x42,0x08,0x62,0x08,0x62,0x08,0x01,0x00,0xEE,0x52,0x98,0x6C,0xF5,0x5B,0x16,0x5C,
  0x16,0x5C,0x36,0x64,0xB5,0x53,0x93,0x2A,0x93,0x2A,0x36,0x5C,0xDA,0xA5,0x7B,0xBE,0xFA,0xA5,0x59,0x8D,0x79,0x8D,0xB9,0x95,
  0xDA,0x9D,0xFA,0x9D,0xDA,0xA5,0xDA,0x9D,0xF8,0x84,0x36,0x64,0x95,0x4B,0x14,0x3B,0xB4,0x2A,0xF4,0x2A,0xB4,0x2A,0xF5,0x2A,
  0xF5,0x2A,0xD4,0x32,0xD4,0x32,0x14,0x33,0x15,0x33,0x15,0x33,0xF5,0x2A,0xF5,0x2A,0xF4,0x2A,0xD4,0x2A,0x14,0x33,0x95,0x4B,
  0x36,0x64,0xF8,0x84,0xDA,0x9D,0xDA,0xA5,0xDA,0xA5,0xDA,0x9D,0x79,0x95,0x59,0x8D,0x59,0x8D,0xDA,0x9D,0x3B,0xAE,0x19,0x8D,
  0x95,0x4B,0xB3,0x22,0xF4,0x32,0x16,0x5C,0x76,0x64,0x36,0x5C,0x36,0x5C,0x16,0x5C,0xF8,0x74,0xEB,0x4A,0x21,0x08,0x83,0x10,
  0x82,0x10,0x62,0x08,0x62,0x08,0x62,0x08,0x62,0x08,0x62,0x08,0x62,0x08,0x62,0x08,0x62,0x08,0x62,0x08,0x62,0x08,0x62,0x08,
  0x62,0x08,0x42,0x08,0x42,0x08,0x42,0x08,0x42,0x08,0x62,0x08,0x42,0x08,0x42,0x08,0x42,0x08,0x42,0x08,0x42,0x08,0x62,0x08,
  0x62,0x08,0xA3,0x10,0x95,0x74,0xF6,0x5B,0xF5,0x53,0xB5,0x53,0x16,0x5C,0xF5,0x5B,0xF3,0x2A,0x74,0x43,0x59,0x8D,0x7B,0xB6,
  0xDA,0x9D,0x59,0x8D,0x59,0x8D,0xB9,0x95,0xDA,0x9D,0xDA,0x9D,0x79,0x8D,0x77,0x6C,0x95,0x4B,0xD4,0x32,0xF4,0x2A,0x15,0x33,
  0x35,0x3B,0x74,0x4B,0x33,0x4B,0xF0,0x4A,0xCE,0x4A,0x4C,0x42,0x4C,0x42,0xC9,0x31,0x48,0x29,0x48,0x29,0xEA,0x39,0x6B,0x42,
  0x4C,0x3A,0xAF,0x4A,0x31,0x4B,0x33,0x4B,0x34,0x43,0x35,0x3B,0x15,0x33,0xB4,0x2A,0x14,0x3B,0xD6,0x53,0xF8,0x7C,0x79,0x8D,
  0x9A,0x95,0x79,0x95,0x59,0x8D,0x39,0x85,0x58,0x85,0xDA,0x9D,0x3B,0xAE,0xF8,0x84,0x54,0x3B,0x14,0x33,0x36,0x5C,0x16,0x5C,
  0x16,0x5C,0x16,0x54,0xB7,0x6C,0x13,0x6C,0xC3,0x18,0xA3,0x10,0xA3,0x10,0x62,0x08,0x62,0x08,0x42,0x08,0x62,0x08,0x62,0x08,
  0x62,0x08,0x62,0x08,0x42,0x08,0x42,0x08,0x42,0x08,0x42,0x08,0x42,0x08,0x42,0x08,0x42,0x08,0x42,0x08,0x42,0x08,0x42,0x08,
  0x42,0x08,0x62,0x08,0x42,0x08,0x42,0x08,0x42,0x08,0x83,0x10,0x42,0x08,0x4A,0x42,0x18,0x7D,0xF5,0x53,0xF5,0x53,0xF5,0x5B,
  0x34,0x43,0xB3,0x2A,0x36,0x64,0x1A,0xA6,0xB9,0x95,0x58,0x85,0x58,0x85,0x59,0x8D,0xB9,0x95,0x99,0x9D,0xF8,0x84,0x16,0x5C,
  0xD4,0x32,0xF4,0x2A,0x15,0x33,0x34,0x43,0x31,0x4B,0x8D,0x42,0xE9,0x39,0x86,0x29,0xE4,0x20,0x83,0x18,0x21,0x08,0x00,0x00,
  0x00,0x00,0x00,0x00,0x01,0x00,0x01,0x00,0x00,0x00,0x00,0x00,0x01,0x08,0x62,0x10,0xC3,0x18,0x05,0x21,0xA7,0x31,0xCA,0x39,
  0x8D,0x42,0x32,0x4B,0x34,0x43,0x15,0x33,0xD4,0x2A,0xD4,0x3A,0x16,0x5C,0x18,0x7D,0x79,0x8D,0x59,0x8D,0x39,0x85,0x58,0x85,
  0x78,0x8D,0x1A,0xA6,0xDA,0xA5,0x36,0x5C,0xD4,0x2A,0x95,0x4B,0xF5,0x53,0xF5,0x53,0xF5,0x53,0xF8,0x7C,0x49,0x42,0x62,0x08,
  0x83,0x10,0x42,0x08,0x42,0x08,0x42,0x08,0x42,0x08,0x42,0x08,0x42,0x08,0x42,0x08,0x42,0x08,0x42,0x08,0x42,0x08,0x42,0x08,
  0x62,0x08,0x62,0x08,0x42,0x08,0x62,0x08,0x62,0x08,0x62,0x08,0x62,0x08,0x62,0x08,0x62,0x08,0x62,0x08,0x62,0x08,0xC3,0x10,
  0x83,0x10,0x33,0x6C,0x77,0x64,0x95,0x4B,0x95,0x4B,0x14,0x33,0x14,0x3B,0xF8,0x84,0xDA,0x9D,0x58,0x85,0xF8,0x7C,0x58,0x85,
  0x59,0x8D,0x59,0x8D,0xF8,0x7C,0xD5,0x4B,0x14,0x33,0xF5,0x32,0x75,0x43,0x71,0x53,0x2B,0x42,0x66,0x29,0x83,0x10,0x42,0x10,
  0x41,0x08,0x62,0x08,0x62,0x08,0x83,0x10,0x62,0x08,0x62,0x08,0x62,0x08,0x62,0x08,0x62,0x08,0x62,0x08,0x62,0x08,0x62,0x08,
  0x62,0x08,0x62,0x08,0x62,0x08,0x82,0x10,0x41,0x08,0x21,0x08,0x42,0x10,0xC4,0x18,0x47,0x29,0x6C,0x42,0x32,0x4B,0x75,0x43,
  0xD4,0x32,0xD4,0x2A,0xB5,0x53,0x18,0x7D,0x59,0x8D,0x59,0x8D,0x58,0x85,0xF8,0x7C,0x59,0x8D,0xDA,0xA5,0xF8,0x7C,0xD3,0x32,
  0x14,0x3B,0x95,0x53,0x74,0x4B,0xB7,0x6C,0xD1,0x63,0x42,0x08,0x82,0x08,0x62,0x08,0x62,0x08,0x62,0x08,0x62,0x08,0x62,0x08,
  0x62,0x08,0x62,0x08,0x42,0x08,0x42,0x08,0x42,0x08,0x42,0x08,0x42,0x08,0x62,0x08,0x42,0x08,0x62,0x08,0x62,0x08,0x82,0x08,
  0x62,0x08,0x62,0x08,0x42,0x08,0x62,0x08,0x82,0x08,0x42,0x08,0x88,0x31,0xF8,0x7C,0xD5,0x4B,0x95,0x43,0xF4,0x32,0x95,0x4B,
  0xDA,0x9D,0x79,0x95,0xF8,0x7C,0x18,0x7D,0x58,0x85,0x79,0x85,0xF8,0x7C,0x95,0x4B,0xD4,0x2A,0x15,0x33,0x54,0x4B,0x8D,0x42,
  0xA6,0x29,0x83,0x10,0x42,0x08,0x62,0x08,0x62,0x08,0x82,0x08,0x83,0x10,0x83,0x10,0x83,0x10,0x83,0x10,0x62,0x08,0x82,0x08,
  0x42,0x08,0x62,0x08,0x62,0x08,0x42,0x08,0x42,0x08,0x62,0x08,0x62,0x08,0x62,0x08,0x83,0x10,0x83,0x10,0x82,0x10,0x82,0x08,
  0x83,0x10,0xA3,0x10,0x62,0x10,0x42,0x08,0x83,0x10,0xA8,0x31,0xEF,0x4A,0x74,0x4B,0x15,0x33,0xB4,0x32,0x16,0x5C,0x58,0x85,
  0x59,0x8D,0x58,0x85,0xF8,0x7C,0xF8,0x7C,0xB9,0x95,0x59,0x8D,0x14,0x3B,0xD3,0x32,0x34,0x43,0xF5,0x53,0xD7,0x7C,0x86,0x29,
  0x41,0x08,0x62,0x08,0x62,0x08,0x62,0x08,0x62,0x08,0x62,0x08,0x62,0x08,0x62,0x08,0x42,0x08,0x42,0x08,0x42,0x08,0x42,0x08,
  0x62,0x08,0x62,0x08,0x62,0x08,0x42,0x08,0x62,0x08,0x62,0x08,0x62,0x08,0x62,0x08,0x62,0x08,0x62,0x08,0x62,0x08,0x82,0x10,
  0xF1,0x6B,0x77,0x64,0x14,0x3B,0xD4,0x2A,0xF6,0x5B,0xBA,0x9D,0x38,0x8D,0xF8,0x7C,0x18,0x7D,0x58,0x85,0x58,0x85,0x16,0x5C,
  0xD4,0x2A,0xB4,0x2A,0x74,0x4B,0xAD,0x4A,0x86,0x29,0x62,0x10,0x21,0x00,0x62,0x08,0x62,0x08,0x62,0x08,0x62,0x08,0x62,0x08,
  0x62,0x08,0x62,0x08,0x62,0x08,0x41,0x08,0x42,0x08,0x62,0x08,0x42,0x08,0x62,0x08,0x62,0x08,0x62,0x08,0x62,0x08,0x62,0x08,
  0x62,0x08,0x42,0x08,0x42,0x08,0x62,0x08,0x62,0x08,0x62,0x08,0x62,0x08,0x62,0x08,0x62,0x08,0x62,0x08,0x42,0x08,0x01,0x00,
  0x62,0x10,0xA7,0x31,0xAF,0x4A,0x75,0x43,0x15,0x33,0x54,0x3B,0x57,0x64,0x58,0x85,0x58,0x85,0xF8,0x7C,0xD7,0x74,0x38,0x8D,
  0x79,0x95,0x95,0x4B,0x93,0x2A,0x34,0x43,0xB8,0x6C,0x6F,0x63,0x42,0x08,0x62,0x08,0x42,0x08,0x42,0x08,0x42,0x08,0x42,0x08,
  0x62,0x08,0x62,0x08,0x62,0x08,0x62,0x08,0x62,0x08,0x62,0x08,0x62,0x08,0x62,0x08,0x62,0x08,0x62,0x08,0x62,0x08,0x62,0x08,
  0x62,0x08,0x62,0x08,0x62,0x08,0x62,0x08,0x42,0x08,0x08,0x3A,0x17,0x7D,0x74,0x43,0x93,0x22,0x36,0x64,0xDA,0x9D,0x18,0x85,
  0xF8,0x7C,0xF8,0x7C,0x58,0x85,0xF8,0x7C,0x95,0x4B,0xD4,0x2A,0x75,0x43,0x10,0x53,0xA7,0x31,0x62,0x10,0x83,0x10,0xA3,0x10,
  0x62,0x08,0x62,0x08,0x62,0x08,0x42,0x08,0x62,0x08,0x62,0x08,0x62,0x08,0x62,0x08,0x62,0x08,0x42,0x08,0x62,0x08,0x62,0x08,
  0x62,0x08,0x62,0x08,0x62,0x08,0x62,0x08,0x62,0x08,0x62,0x08,0x62,0x08,0x62,0x08,0x62,0x08,0x62,0x08,0x62,0x08,0x62,0x08,
  0x62,0x08,0x62,0x08,0x62,0x08,0x62,0x08,0x62,0x08,0x62,0x08,0xA3,0x10,0x62,0x08,0x62,0x10,0x88,0x31,0x52,0x53,0x35,0x3B,
  0x93,0x2A,0x95,0x4B,0xB8,0x74,0x18,0x85,0xF8,0x7C,0xD7,0x74,0x18,0x85,0xDA,0x9D,0xD6,0x5B,0x93,0x2A,0xB6,0x4B,0xD7,0x7C,
  0x05,0x21,0x21,0x00,0x62,0x08,0x62,0x08,0x62,0x08,0x62,0x08,0x62,0x08,0x62,0x08,0x62,0x08,0x62,0x08,0x83,0x10,0x62,0x08,
  0x62,0x08,0x62,0x08,0x62,0x08,0x62,0x08,0x42,0x08,0x62,0x08,0x62,0x08,0x62,0x08,0x62,0x08,0x83,0x10,0x83,0x10,0xB1,0x6B,
  0x17,0x5C,0x52,0x22,0x36,0x64,0xB9,0x95,0x17,0x7D,0xF8,0x7C,0xF8,0x7C,0x58,0x85,0x77,0x6C,0x54,0x3B,0x75,0x3B,0x93,0x53,
  0xE9,0x39,0x83,0x10,0x62,0x08,0x62,0x08,0x83,0x10,0x82,0x08,0x62,0x08,0x62,0x08,0x62,0x08,0x62,0x08,0x62,0x08,0x62,0x08,
  0x62,0x08,0x42,0x08,0x62,0x08,0x42,0x08,0x62,0x08,0x42,0x08,0x62,0x08,0x62,0x08,0x62,0x08,0x62,0x08,0x62,0x08,0x62,0x08,
  0x62,0x08,0x62,0x08,0x62,0x08,0x62,0x08,0x62,0x08,0x62,0x08,0x62,0x08,0x62,0x08,0x62,0x08,0x62,0x08,0x62,0x08,0x42,0x08,
  0x62,0x08,0x62,0x08,0x83,0x10,0x62,0x08,0xA3,0x18,0x6B,0x42,0x94,0x53,0xB4,0x2A,0xD4,0x3A,0x77,0x6C,0x18,0x85,0xF8,0x7C,
  0xF8,0x7C,0x18,0x85,0xDA,0x9D,0x36,0x64,0x93,0x2A,0xB8,0x6C,0x4F,0x5B,0x21,0x08,0x82,0x08,0x62,0x08,0x62,0x08,0x62,0x08,
  0x42,0x08,0x62,0x08,0x62,0x08,0x62,0x08,0xA3,0x10,0x82,0x10,0x62,0x08,0x62,0x08,0x62,0x08,0x62,0x08,0x42,0x08,0x62,0x08,
  0x62,0x08,0x42,0x08,0x82,0x08,0x42,0x08,0x08,0x3A,0xB7,0x74,0xB3,0x2A,0x16,0x5C,0x59,0x8D,0xD7,0x74,0xD7,0x74,0x38,0x7D,
  0xF8,0x7C,0x16,0x5C,0xF4,0x32,0x76,0x43,0x50,0x5B,0x05,0x21,0x21,0x08,0x62,0x08,0x62,0x08,0x62,0x08,0x62,0x08,0x42,0x08,
  0x62,0x08,0x42,0x08,0x62,0x08,0x62,0x08,0x42,0x08,0x42,0x08,0x62,0x08,0x42,0x08,0x42,0x08,0x42,0x08,0x62,0x08,0x42,0x08,
  0x62,0x08,0x62,0x08,0x62,0x08,0x62,0x08,0x42,0x08,0x62,0x08,0x62,0x08,0x62,0x08,0x62,0x08,0x42,0x08,0x42,0x08,0x62,0x08,
  0x42,0x08,0x42,0x08,0x62,0x08,0x62,0x08,0x42,0x08,0x42,0x08,0x42,0x08,0x62,0x08,0x62,0x08,0x83,0x10,0x62,0x08,0x42,0x08,
  0xC7,0x31,0x52,0x53,0x35,0x3B,0xF4,0x32,0x76,0x64,0x58,0x85,0xF8,0x7C,0xF8,0x7C,0xF8,0x7C,0x99,0x9D,0x16,0x5C,0xF4,0x32,
  0xD7,0x7C,0xE8,0x39,0x82,0x08,0xA3,0x10,0x62,0x08,0x42,0x08,0x62,0x08,0x42,0x08,0x42,0x08,0x62,0x08,0x42,0x08,0x42,0x08,
  0x62,0x08,0x62,0x08,0x82,0x08,0x82,0x08,0x62,0x08,0x62,0x08,0x62,0x08,0x62,0x08,0x62,0x08,0x42,0x08,0xF1,0x6B,0x35,0x3B,
  0xB5,0x53,0x59,0x8D,0xD7,0x74,0xD7,0x74,0xF8,0x74,0x38,0x7D,0xF5,0x53,0xD4,0x2A,0x95,0x4B,0x8C,0x4A,0x83,0x18,0x62,0x08,
  0x82,0x08,0x62,0x08,0x62,0x08,0x62,0x08,0x62,0x08,0x62,0x08,0x62,0x08,0x62,0x08,0x62,0x08,0x62,0x08,0x62,0x08,0x62,0x08,
  0x62,0x08,0x42,0x08,0x42,0x08,0x62,0x08,0x62,0x08,0x62,0x08,0x62,0x08,0x62,0x08,0x62,0x08,0x62,0x08,0x62,0x08,0x62,0x08,
  0x83,0x10,0x83,0x10,0x82,0x08,0x42,0x08,0x62,0x08,0x62,0x08,0x42,0x08,0x62,0x08,0x62,0x08,0x62,0x08,0x62,0x08,0x62,0x08,
  0x62,0x08,0x42,0x08,0x62,0x08,0x62,0x08,0x62,0x08,0x82,0x08,0x62,0x08,0xC3,0x18,0xCE,0x52,0xB6,0x4B,0xF4,0x32,0x16,0x5C,
  0x18,0x7D,0xF8,0x7C,0xF8,0x74,0x17,0x7D,0x99,0x95,0xB4,0x4B,0x95,0x43,0x30,0x6C,0x83,0x10,0xA3,0x10,0x62,0x08,0x42,0x08,
  0x62,0x08,0x62,0x08,0x62,0x08,0x62,0x08,0x62,0x08,0x62,0x08,0x62,0x08,0x62,0x08,0xA3,0x10,0xA3,0x10,0x83,0x10,0x62,0x08,
  0x62,0x08,0x62,0x08,0x21,0x00,0x49,0x42,0xD6,0x53,0x95,0x4B,0xB9,0x95,0xD7,0x74,0xD7,0x74,0x17,0x7D,0x17,0x7D,0x95,0x4B,
  0xD4,0x2A,0x95,0x53,0x8A,0x42,0x62,0x10,0x82,0x08,0x62,0x08,0x62,0x08,0x62,0x08,0x62,0x08,0x62,0x08,0x62,0x08,0x62,0x08,
  0x62,0x08,0x62,0x08,0x42,0x08,0x42,0x08,0x62,0x08,0x62,0x08,0x62,0x08,0x62,0x08,0x62,0x08,0x62,0x08,0x62,0x08,0x62,0x08,
  0x62,0x08,0x62,0x08,0x62,0x08,0x62,0x08,0x62,0x08,0x82,0x08,0xA3,0x10,0xA3,0x10,0xA3,0x10,0x62,0x08,0x62,0x08,0x62,0x08,
  0x62,0x08,0x62,0x08,0x62,0x08,0x62,0x08,0x62,0x08,0x62,0x08,0x62,0x08,0x62,0x08,0x62,0x08,0x62,0x08,0x62,0x08,0x62,0x08,
  0x83,0x10,0x82,0x08,0x62,0x10,0xEB,0x4A,0xD6,0x53,0xD4,0x32,0x16,0x5C,0xF8,0x7C,0x38,0x7D,0xD7,0x74,0x17,0x7D,0x59,0x8D,
  0x14,0x3B,0xB5,0x5B,0x29,0x42,0x62,0x08,0x62,0x08,0x62,0x08,0x82,0x10,0x62,0x08,0x62,0x08,0x62,0x08,0x62,0x08,0x62,0x08,
  0x62,0x08,0x62,0x08,0x62,0x08,0x62,0x08,0x62,0x08,0x82,0x08,0x82,0x08,0x82,0x08,0xA3,0x18,0x71,0x53,0x55,0x43,0x59,0x8D,
  0xF8,0x7C,0x17,0x7D,0xF8,0x74,0x97,0x74,0x95,0x4B,0xD4,0x2A,0x54,0x53,0x29,0x42,0x82,0x10,0x83,0x10,0x62,0x08,0x62,0x08,
  0x62,0x08,0x62,0x08,0x62,0x08,0x62,0x08,0x62,0x08,0x62,0x08,0x62,0x08,0x62,0x08,0x62,0x08,0x62,0x08,0x62,0x08,0x62,0x08,
  0x62,0x08,0x62,0x08,0x62,0x08,0x62,0x08,0x62,0x08,0x62,0x08,0x62,0x08,0x62,0x08,0x62,0x08,0x62,0x08,0x62,0x08,0x62,0x08,
  0x62,0x08,0x62,0x08,0x62,0x08,0x62,0x08,0x62,0x08,0x42,0x08,0xA3,0x10,0xA3,0x10,0xA3,0x10,0x62,0x08,0x62,0x08,0x62,0x08,
  0x62,0x08,0x62,0x08,0x62,0x08,0x62,0x08,0x62,0x08,0x62,0x08,0x62,0x08,0x62,0x08,0x62,0x08,0x42,0x08,0x8A,0x42,0x55,0x4B,
  0xF4,0x32,0xF5,0x53,0x17,0x7D,0x17,0x7D,0xD7,0x74,0x38,0x7D,0x18,0x85,0x35,0x3B,0xF0,0x52,0x62,0x10,0x62,0x08,0x42,0x08,
  0x82,0x10,0x62,0x08,0x62,0x08,0x62,0x08,0x62,0x08,0x62,0x08,0x62,0x08,0x62,0x08,0x62,0x08,0x42,0x08,0x62,0x08,0x62,0x08,
  0x83,0x10,0x82,0x10,0x8C,0x4A,0x75,0x43,0xF8,0x7C,0x58,0x85,0xD7,0x74,0xF8,0x74,0xF8,0x7C,0xB5,0x53,0xD4,0x32,0xB5,0x5B,
  0x28,0x3A,0x83,0x10,0xC4,0x18,0x83,0x10,0x42,0x08,0x42,0x08,0x42,0x08,0x62,0x08,0x62,0x08,0x62,0x08,0x62,0x08,0x62,0x08,
  0x62,0x08,0x62,0x08,0x62,0x08,0x62,0x08,0x62,0x08,0x62,0x08,0x62,0x08,0x62,0x08,0x62,0x08,0x62,0x08,0x62,0x08,0x62,0x08,
  0x62,0x08,0x42,0x08,0x42,0x08,0x62,0x08,0x62,0x08,0x42,0x08,0x62,0x08,0x42,0x08,0x42,0x08,0x42,0x08,0x42,0x08,0x62,0x08,
  0x62,0x08,0x62,0x08,0x62,0x08,0x62,0x08,0x62,0x08,0x82,0x08,0x62,0x08,0x62,0x08,0x42,0x08,0x62,0x08,0x42,0x08,0x42,0x08,
  0x62,0x08,0x62,0x08,0x62,0x08,0xA3,0x10,0x83,0x10,0x8A,0x42,0x95,0x53,0xF4,0x32,0xF5,0x53,0x38,0x7D,0x17,0x7D,0xD7,0x74,
  0x58,0x85,0x97,0x74,0x35,0x43,0xC9,0x39,0x83,0x10,0x05,0x21,0x41,0x08,0x42,0x08,0x62,0x08,0x62,0x08,0x62,0x08,0x42,0x08,
  0x42,0x08,0x42,0x08,0x42,0x08,0x42,0x08,0x62,0x08,0x83,0x10,0x62,0x10,0xE8,0x39,0x54,0x43,0x36,0x64,0x58,0x85,0xD7,0x74,
  0x38,0x7D,0x18,0x7D,0x16,0x5C,0x15,0x33,0xD5,0x53,0xE8,0x39,0x41,0x08,0xA3,0x10,0xA3,0x10,0x82,0x08,0x42,0x08,0x62,0x08,
  0x62,0x08,0x62,0x08,0x82,0x08,0x62,0x08,0x21,0x00,0x01,0x00,0x01,0x00,0x01,0x00,0x00,0x00,0x00,0x00,0x01,0x00,0x21,0x00,
  0x62,0x08,0x62,0x08,0x62,0x08,0x62,0x08,0x62,0x08,0x62,0x08,0x62,0x08,0x62,0x08,0x62,0x08,0x42,0x08,0x42,0x08,0x42,0x08,
  0x62,0x08,0x62,0x08,0x62,0x08,0x62,0x08,0x62,0x08,0x42,0x08,0x21,0x00,0x00,0x00,0x00,0x00,0x00,0x00,0x00,0x00,0x01,0x00,
  0x01,0x00,0x21,0x00,0x62,0x08,0x82,0x08,0x82,0x08,0x62,0x08,0x42,0x08,0x42,0x08,0x62,0x08,0x82,0x10,0xC4,0x18,0xA3,0x18,
  0xEC,0x52,0xB5,0x53,0xF4,0x32,0x76,0x64,0xF8,0x7C,0xF8,0x7C,0xF8,0x7C,0x59,0x8D,0x17,0x5C,0x33,0x4B,0x97,0x9D,0x1A,0xAE,
  0x71,0x7C,0x82,0x10,0x62,0x08,0x62,0x08,0x62,0x08,0x62,0x08,0x62,0x08,0x62,0x08,0x42,0x08,0x42,0x08,0x42,0x08,0xA3,0x10,
  0x05,0x21,0xF0,0x4A,0x95,0x4B,0x58,0x85,0xF8,0x7C,0xF8,0x7C,0x18,0x85,0x57,0x64,0xD4,0x32,0x95,0x4B,0xC9,0x39,0x01,0x00,
  0x62,0x08,0x42,0x08,0x62,0x08,0x62,0x08,0x42,0x08,0x83,0x10,0xC3,0x10,0x42,0x08,0x21,0x08,0xA3,0x10,0x66,0x29,0x69,0x42,
  0xEB,0x4A,0xEB,0x4A,0xEB,0x52,0xCB,0x4A,0x49,0x42,0x45,0x29,0x62,0x10,0x01,0x00,0x41,0x08,0x82,0x10,0x82,0x08,0x62,0x08,
  0x42,0x08,0x42,0x08,0x42,0x08,0x42,0x08,0x42,0x08,0x42,0x08,0x62,0x08,0xA3,0x10,0x83,0x10,0x01,0x00,0x01,0x00,0x62,0x10,
  0x45,0x29,0x49,0x42,0xEB,0x4A,0x0B,0x53,0xEB,0x52,0xEB,0x52,0xC9,0x39,0x05,0x21,0x82,0x10,0x21,0x00,0x41,0x08,0x83,0x10,
  0x83,0x10,0x82,0x08,0xA3,0x10,0xA3,0x10,0xA3,0x10,0xC3,0x10,0x83,0x10,0x6B,0x42,0xB6,0x4B,0x14,0x3B,0xB7,0x6C,0x58,0x85,
  0xF8,0x7C,0x58,0x85,0x59,0x8D,0x75,0x43,0x77,0x6C,0xFA,0x9D,0xFB,0xA5,0xAE,0x63,0x62,0x10,0xC4,0x18,0xA3,0x10,0xA3,0x10,
  0x42,0x08,0x42,0x08,0x42,0x08,0x41,0x08,0x62,0x08,0x62,0x08,0xEA,0x39,0x35,0x43,0xD7,0x7C,0x58,0x85,0x18,0x85,0x18,0x85,
  0xD7,0x74,0x14,0x3B,0xB6,0x4B,0x2C,0x42,0x21,0x08,0x82,0x08,0x42,0x08,0x42,0x08,0x62,0x08,0x62,0x08,0x62,0x08,0x42,0x08,
  0x42,0x08,0xC7,0x31,0x0F,0x6C,0x77,0x95,0x1A,0xAE,0x7C,0xB6,0x9C,0xB6,0x9C,0xB6,0x7C,0xAE,0x9C,0xB6,0x7C,0xB6,0xFA,0xA5,
  0x16,0x95,0xAE,0x63,0xA7,0x31,0x42,0x08,0x42,0x08,0x82,0x08,0x42,0x08,0x62,0x08,0x42,0x08,0x42,0x08,0x42,0x08,0x62,0x08,
  0x83,0x10,0x41,0x08,0x62,0x08,0x88,0x31,0x0F,0x6C,0x56,0x95,0x1A,0xAE,0x7C,0xB6,0x9C,0xB6,0x9C,0xB6,0x9C,0xB6,0x5C,0xB6,
  0x7C,0xB6,0x3A,0xAE,0x56,0x95,0xAE,0x63,0x86,0x29,0x42,0x08,0x62,0x08,0x82,0x08,0xA3,0x10,0xA3,0x10,0x62,0x08,0x62,0x08,
  0x82,0x08,0x42,0x10,0xEE,0x4A,0xB6,0x43,0x75,0x43,0x18,0x7D,0x58,0x85,0x58,0x85,0x59,0x8D,0x97,0x74,0x93,0x32,0xD7,0x7C,
  0x58,0x85,0x58,0x8D,0xA7,0x31,0x62,0x08,0x62,0x08,0x42,0x08,0x42,0x08,0x42,0x08,0x42,0x08,0x62,0x08,0x62,0x08,0x05,0x21,
  0x52,0x4B,0x57,0x64,0x99,0x95,0x38,0x8D,0x38,0x8D,0xF8,0x84,0x95,0x4B,0x35,0x3B,0x50,0x5B,0xA3,0x18,0x83,0x10,0x42,0x08,
  0x42,0x08,0x42,0x08,0x62,0x08,0x42,0x08,0x00,0x00,0xA7,0x31,0xF2,0x84,0x3B,0xAE,0x9C,0xB6,0x9C,0xAE,0x1B,0xA6,0x1A,0xA6,
  0x1A,0xA6,0xFA,0xA5,0x1A,0xA6,0x1A,0xA6,0x1A,0xA6,0x1B,0xA6,0x5C,0xAE,0x7C,0xAE,0x3B,0xAE,0xD2,0x84,0x66,0x29,0x00,0x00,
  0x42,0x08,0x82,0x08,0x62,0x08,0x42,0x08,0x62,0x08,0x41,0x08,0x00,0x00,0xC7,0x31,0x13,0x8D,0x5B,0xAE,0x7C,0xAE,0x5C,0xAE,
  0x1B,0xA6,0xDA,0xA5,0x1A,0xA6,0x1A,0xA6,0x1A,0xA6,0x1A,0xA6,0xDA,0xA5,0x1B,0xA6,0x5C,0xAE,0x7C,0xAE,0x1A,0xAE,0xD2,0x84,
  0xC7,0x31,0x21,0x00,0x62,0x08,0x62,0x08,0x42,0x08,0x42,0x08,0x42,0x08,0x82,0x08,0xC4,0x18,0x72,0x5B,0x35,0x3B,0x16,0x5C,
  0x59,0x8D,0x38,0x8D,0x38,0x8D,0x59,0x8D,0xF5,0x53,0x54,0x43,0x17,0x7D,0xD8,0x7C,0x90,0x63,0x21,0x08,0x62,0x08,0x42,0x08,
  0x62,0x08,0x62,0x08,0x62,0x08,0x82,0x08,0x41,0x08,0x6D,0x42,0xB6,0x4B,0xF8,0x84,0xB9,0x95,0x59,0x8D,0xB9,0x95,0x56,0x6C,
  0x14,0x3B,0x94,0x5B,0x66,0x29,0x62,0x08,0xA3,0x10,0x62,0x08,0x62,0x08,0xA3,0x10,0x82,0x08,0xA3,0x10,0xEF,0x6B,0x5B,0xB6,
  0x9C,0xB6,0x1B,0xA6,0x1A,0xA6,0x1A,0xA6,0x1B,0xA6,0x5C,0xAE,0x7C,0xAE,0x7C,0xAE,0x7C,0xAE,0x5C,0xAE,0x5B,0xAE,0x5B,0xA6,
  0x1A,0xA6,0x1A,0xA6,0x1B,0xA6,0x9C,0xB6,0x1A,0xAE,0x6D,0x5B,0x62,0x10,0x83,0x10,0xC4,0x18,0xC4,0x18,0x82,0x10,0xA3,0x10,
  0xEF,0x6B,0x9B,0xB6,0x7C,0xAE,0x1B,0xA6,0x1A,0xA6,0x1A,0xA6,0x1B,0xA6,0x5B,0xAE,0x5C,0xAE,0x9C,0xB6,0x9C,0xB6,0x5C,0xAE,
  0x3B,0xA6,0x1B,0xA6,0xFA,0x9D,0x1A,0xA6,0x1B,0xA6,0x7C,0xAE,0x3B,0xAE,0x6D,0x5B,0x62,0x08,0x62,0x08,0x62,0x08,0x62,0x08,
  0x62,0x08,0x62,0x08,0x21,0x00,0x66,0x29,0xF5,0x5B,0xD4,0x3A,0xB7,0x74,0xB9,0x95,0x59,0x8D,0x99,0x95,0x18,0x85,0x13,0x33,
  0x16,0x5C,0xD7,0x74,0xD7,0x7C,0x86,0x29,0x21,0x00,0x42,0x08,0x62,0x08,0x62,0x08,0xA3,0x10,0x62,0x08,0x86,0x29,0x54,0x4B,
  0x77,0x6C,0x99,0x9D,0x99,0x9D,0x99,0x9D,0x59,0x8D,0x75,0x43,0xD6,0x53,0x6A,0x42,0x62,0x10,0xA3,0x10,0xA3,0x10,0x83,0x10,
  0xA3,0x10,0x42,0x08,0x05,0x21,0x35,0x95,0x7D,0xB6,0x3B,0xAE,0x1A,0xA6,0xDA,0xA5,0x5C,0xAE,0x5C,0xB6,0x3B,0xAE,0x37,0x95,
  0x94,0x84,0x71,0x74,0xB1,0x7C,0xF5,0x8C,0x98,0x9D,0x5B,0xAE,0x9C,0xB6,0x5B,0xAE,0xDA,0xA5,0x1A,0xA6,0x1B,0xA6,0x7D,0xB6,
  0x94,0x84,0x05,0x21,0xA3,0x10,0x83,0x10,0x66,0x29,0x56,0x95,0xDD,0xB6,0x1B,0xA6,0xDA,0xA5,0xDA,0xA5,0x5C,0xAE,0x9C,0xB6,
  0x3B,0xAE,0xB8,0x9D,0xD5,0x8C,0x91,0x74,0xB1,0x7C,0xD5,0x8C,0x78,0x9D,0x5B,0xAE,0x7C,0xAE,0x5B,0xAE,0x1A,0xA6,0x1A,0xA6,
  0x1B,0xA6,0x7D,0xB6,0xD2,0x84,0xA3,0x10,0x62,0x08,0x62,0x08,0x82,0x08,0x62,0x08,0x82,0x08,0x62,0x08,0x8C,0x4A,0x95,0x4B,
  0x74,0x4B,0x59,0x8D,0xB9,0x95,0xB9,0x95,0xB9,0x95,0x16,0x5C,0x54,0x3B,0x77,0x6C,0x98,0x6C,0x90,0x63,0x21,0x08,0x62,0x08,
  0x62,0x08,0x62,0x08,0xA3,0x10,0xC3,0x18,0xCE,0x4A,0x95,0x4B,0x38,0x8D,0xDA,0x9D,0x99,0x9D,0xDA,0x9D,0x36,0x64,0xB6,0x4B,
  0x0F,0x53,0xA3,0x18,0x83,0x10,0x82,0x10,0xA3,0x10,0xA3,0x10,0x62,0x08,0xC7,0x31,0x98,0x9D,0x7C,0xAE,0x1A,0xA6,0x1A,0xA6,
  0x3B,0xA6,0x9C,0xB6,0x56,0x95,0x4C,0x5B,0x86,0x29,0xA3,0x10,0x42,0x08,0x21,0x08,0x42,0x08,0xA3,0x10,0x04,0x21,0xC7,0x31,
  0xCF,0x6B,0xB8,0xA5,0x9C,0xB6,0x1B,0xA6,0xDA,0xA5,0x1A,0xA6,0x7C,0xAE,0x37,0x95,0xE4,0x20,0x05,0x21,0x98,0xA5,0x7C,0xAE,
  0xDA,0xA5,0xDA,0xA5,0x5B,0xAE,0x9C,0xB6,0xB7,0xA5,0x4D,0x5B,0xA7,0x31,0xC4,0x18,0x83,0x10,0x42,0x08,0x41,0x08,0x83,0x10,
  0x04,0x21,0xE8,0x39,0xAE,0x63,0xB8,0x9D,0x5C,0xB6,0x3B,0xAE,0xDA,0xA5,0xDA,0xA5,0x7D,0xB6,0x54,0x95,0xC4,0x18,0x42,0x08,
  0x83,0x10,0x82,0x10,0x62,0x08,0x83,0x10,0xE4,0x20,0xB2,0x5B,0x75,0x43,0x56,0x6C,0xDA,0x9D,0x79,0x95,0xDA,0x9D,0xF8,0x84,
  0x14,0x3B,0x95,0x4B,0x36,0x5C,0x96,0x6C,0x66,0x29,0x41,0x08,0x62,0x08,0x82,0x08,0x83,0x10,0xA7,0x31,0xF3,0x42,0x76,0x64,
  0x79,0x95,0x9A,0x95,0xDA,0x9D,0xF8,0x84,0x75,0x43,0x15,0x64,0x45,0x29,0x42,0x08,0x42,0x08,0x42,0x08,0x62,0x08,0x82,0x08,
  0xC4,0x18,0x57,0x9D,0x5C,0xAE,0x1A,0xA6,0xFA,0x9D,0x5C,0xAE,0xD9,0xA5,0x2C,0x5B,0x62,0x08,0x00,0x00,0x21,0x00,0x42,0x08,
  0x62,0x08,0x82,0x08,0x82,0x08,0x62,0x08,0x41,0x00,0x01,0x00,0x00,0x00,0xC4,0x18,0xEF,0x6B,0x3B,0xAE,0x3B,0xA6,0x1A,0xA6,
  0x1A,0xA6,0x7C,0xAE,0x56,0x95,0x57,0x9D,0x5C,0xAE,0x1A,0xA6,0xDA,0xA5,0x5C,0xAE,0x3A,0xAE,0x4D,0x63,0xC3,0x18,0x00,0x00,
  0x21,0x00,0x42,0x08,0x82,0x08,0x82,0x08,0x62,0x08,0x62,0x08,0x41,0x00,0x01,0x00,0x00,0x00,0xA3,0x10,0x8D,0x63,0x1A,0xAE,
  0x5C,0xAE,0xDA,0xA5,0x1A,0xA6,0x7C,0xAE,0xF2,0x84,0x83,0x10,0x82,0x10,0x62,0x08,0x62,0x08,0x83,0x10,0x82,0x10,0x8A,0x42,
  0x16,0x5C,0x74,0x4B,0x59,0x8D,0xDA,0x9D,0xDA,0x9D,0x99,0x9D,0xF6,0x5B,0x54,0x3B,0xD6,0x53,0x37,0x54,0xEE,0x52,0x62,0x10,
  0x42,0x08,0xA3,0x10,0x83,0x18,0x4C,0x42,0x75,0x43,0x18,0x85,0x9A,0x95,0x9A,0x95,0x9A,0x95,0x16,0x5C,0x16,0x54,0xED,0x52,
  0x62,0x10,0x82,0x08,0x42,0x08,0x42,0x08,0x62,0x08,0x21,0x08,0x91,0x7C,0x7C,0xAE,0x1A,0xA6,0xFA,0x9D,0x5C,0xAE,0x56,0x95,
  0xA7,0x31,0x21,0x00,0x82,0x08,0x62,0x08,0x62,0x08,0x42,0x08,0x62,0x08,0x62,0x08,0x62,0x08,0x62,0x08,0x62,0x08,0x62,0x08,
  0x82,0x08,0x82,0x08,0x21,0x08,0xC9,0x39,0xF9,0xA5,0x5C,0xAE,0xDA,0xA5,0xDA,0xA5,0x3B,0xA6,0x3B,0xA6,0xDA,0xA5,0xFA,0x9D,
  0x5C,0xAE,0x77,0x95,0x66,0x29,0x00,0x00,0x62,0x08,0x82,0x10,0x62,0x08,0x42,0x08,0x62,0x08,0x62,0x08,0x62,0x08,0x62,0x08,
  0x42,0x08,0x62,0x08,0x62,0x08,0x62,0x08,0x21,0x00,0x88,0x31,0x78,0x9D,0x5C,0xAE,0x1A,0xA6,0x1A,0xA6,0x9D,0xAE,0xCF,0x6B,
  0x42,0x08,0xA3,0x10,0x82,0x08,0x62,0x08,0x83,0x10,0xA3,0x18,0x50,0x5B,0xB6,0x4B,0x57,0x64,0xFA,0xA5,0x99,0x9D,0xDA,0x9D,
  0xD8,0x7C,0x14,0x3B,0x74,0x4B,0x95,0x4B,0xD4,0x5B,0x86,0x31,0x62,0x08,0x62,0x08,0x05,0x21,0x12,0x43,0xD6,0x53,0xB9,0x95,
  0xDA,0x95,0xDA,0x9D,0x18,0x85,0x34,0x43,0xF4,0x63,0x45,0x29,0x62,0x08,0xA3,0x10,0x42,0x08,0x62,0x08,0x00,0x00,0x69,0x42,
  0x7C,0xB6,0xDA,0xA5,0x1A,0xA6,0x5C,0xAE,0xF5,0x8C,0xC3,0x18,0x62,0x08,0xC3,0x18,0x83,0x10,0x62,0x08,0x62,0x08,0x62,0x08,
  0x62,0x08,0x62,0x08,0x62,0x08,0x62,0x08,0x62,0x08,0x62,0x08,0x42,0x08,0x62,0x08,0xA3,0x10,0x21,0x00,0x46,0x29,0xB8,0xA5,
  0x9C,0xAE,0xDA,0xA5,0x1B,0xA6,0x1B,0xA6,0x1A,0xA6,0x5C,0xAE,0x16,0x95,0xC4,0x18,0x41,0x08,0xC3,0x10,0x83,0x10,0xA3,0x10,
  0x82,0x08,0x42,0x08,0x42,0x08,0x62,0x08,0x62,0x08,0x62,0x08,0x42,0x08,0x62,0x08,0x62,0x08,0x83,0x10,0xC4,0x18,0x41,0x08,
  0x45,0x29,0x98,0xA5,0x3B,0xA6,0x1A,0xA6,0x1B,0xA6,0x3B,0xAE,0x08,0x3A,0x42,0x08,0x82,0x10,0x62,0x08,0x82,0x08,0x42,0x08,
  0x88,0x31,0xF6,0x63,0x95,0x4B,0x59,0x8D,0xDA,0x9D,0x99,0x9D,0x79,0x8D,0xF5,0x53,0xD3,0x32,0x34,0x43,0x95,0x4B,0x6B,0x42,
  0x62,0x08,0x41,0x08,0xE9,0x39,0x95,0x43,0xD7,0x74,0x9A,0x95,0xB9,0x95,0xDA,0x95,0x16,0x5C,0xB6,0x4B,0xEE,0x52,0x42,0x08,
  0x83,0x08,0x62,0x08,0x62,0x08,0x42,0x08,0x82,0x10,0x57,0x9D,0x5C,0xAE,0xDA,0xA5,0x5B,0xAE,0xB8,0xA5,0x04,0x21,0x41,0x00,
  0x82,0x08,0x62,0x08,0x62,0x08,0x62,0x08,0x62,0x08,0x62,0x08,0x62,0x08,0x42,0x08,0x42,0x08,0x42,0x08,0x62,0x08,0x62,0x08,
  0x62,0x08,0x62,0x08,0x62,0x08,0x83,0x10,0x41,0x00,0x66,0x29,0xF9,0xA5,0x5B,0xAE,0x3B,0xAE,0xDA,0xA5,0x5C,0xAE,0x56,0x95,
  0xC4,0x18,0x62,0x08,0x83,0x10,0xA3,0x10,0x62,0x08,0x62,0x08,0x62,0x08,0x42,0x08,0x62,0x08,0x62,0x08,0x62,0x08,0x62,0x08,
  0x62,0x08,0x62,0x08,0x62,0x08,0x62,0x08,0x42,0x08,0x82,0x08,0x21,0x00,0xE8,0x39,0x1A,0xAE,0x1B,0xA6,0x1A,0xA6,0x5C,0xAE,
  0x94,0x84,0x42,0x08,0x62,0x08,0x82,0x08,0x42,0x08,0x62,0x08,0x41,0x08,0x71,0x5B,0x96,0x4B,0x77,0x6C,0xDA,0x9D,0x79,0x95,
  0xB9,0x95,0x77,0x6C,0xD3,0x32,0x14,0x3B,0x35,0x3B,0x0F,0x53,0x42,0x08,0x41,0x08,0xAF,0x4A,0xD6,0x4B,0x59,0x8D,0x79,0x95,
  0x79,0x95,0x58,0x85,0x95,0x4B,0xF5,0x5B,0xC7,0x31,0x62,0x08,0xA3,0x10,0x62,0x08,0x82,0x10,0x21,0x00,0x0C,0x53,0x7C,0xB6,
  0x1A,0xA6,0xDA,0xA5,0x7C,0xB6,0x8A,0x4A,0x21,0x00,0x83,0x10,0x42,0x08,0x42,0x08,0x62,0x08,0x62,0x08,0x62,0x08,0x62,0x08,
  0x62,0x08,0x42,0x08,0x62,0x08,0x42,0x08,0x62,0x08,0x62,0x08,0x62,0x08,0x62,0x08,0x62,0x08,0x62,0x08,0x83,0x10,0x21,0x00,
  0x08,0x3A,0x3B,0xAE,0x1B,0xA6,0x5B,0xAE,0xB8,0xA5,0x05,0x21,0x21,0x00,0x62,0x08,0x62,0x08,0xA3,0x10,0x62,0x08,0x41,0x08,
  0x42,0x08,0x42,0x08,0x42,0x08,0x62,0x08,0x42,0x08,0x62,0x08,0x62,0x08,0x62,0x08,0x62,0x08,0x42,0x08,0x62,0x08,0x62,0x08,
  0xA3,0x10,0x42,0x08,0x8D,0x63,0x7C,0xAE,0xFA,0x9D,0xDA,0xA5,0x5B,0xB6,0x29,0x42,0x21,0x00,0x83,0x10,0x42,0x08,0x42,0x08,
  0x01,0x00,0x28,0x3A,0xF6,0x5B,0xB5,0x53,0x99,0x95,0x59,0x95,0xB9,0x95,0x18,0x85,0x74,0x43,0xF3,0x2A,0x76,0x43,0x6B,0x42,
  0x41,0x00,0x04,0x21,0x53,0x4B,0x57,0x5C,0xB9,0x95,0xB9,0x95,0xDA,0x9D,0xD7,0x74,0xB6,0x4B,0x71,0x5B,0xA3,0x18,0x82,0x08,
  0x82,0x08,0x62,0x08,0xA3,0x10,0xA3,0x10,0xF5,0x8C,0x5C,0xAE,0xFA,0xA5,0x5C,0xAE,0xF3,0x84,0x62,0x08,0xA3,0x10,0x62,0x08,
  0x42,0x08,0x42,0x08,0x42,0x08,0x42,0x08,0x62,0x08,0x42,0x08,0x62,0x08,0x62,0x08,0x62,0x08,0x42,0x08,0x62,0x08,0x62,0x08,
  0x62,0x08,0x62,0x08,0x62,0x08,0x83,0x10,0xA3,0x10,0xC3,0x10,0x82,0x10,0x4C,0x5B,0x7C,0xAE,0x3B,0xAE,0x08,0x3A,0x41,0x08,
  0x82,0x08,0x42,0x08,0x42,0x08,0x83,0x10,0x62,0x08,0x42,0x08,0x42,0x08,0x42,0x08,0x42,0x08,0x42,0x08,0x62,0x08,0x42,0x08,
  0x42,0x08,0x62,0x08,0x62,0x08,0x62,0x08,0x62,0x08,0x42,0x08,0x83,0x10,0xA3,0x10,0xC3,0x18,0x57,0x9D,0x5B,0xAE,0x1A,0xA6,
  0x9C,0xB6,0x70,0x74,0x01,0x00,0x82,0x08,0x42,0x08,0x41,0x08,0x42,0x08,0xA3,0x18,0xB2,0x5B,0xD5,0x4B,0xD7,0x7C,0xB9,0x95,
  0x99,0x95,0x38,0x8D,0xF5,0x53,0x54,0x3B,0xCE,0x52,0xC3,0x18,0x82,0x10,0x09,0x3A,0x75,0x43,0xB7,0x74,0xB9,0x95,0x99,0x95,
  0xB9,0x95,0x16,0x5C,0x57,0x5C,0x09,0x3A,0x42,0x08,0x62,0x08,0x62,0x08,0x82,0x08,0x62,0x08,0xA7,0x31,0x1A,0xA6,0xFA,0x9D,
  0xFA,0x9D,0x1B,0xAE,0xC9,0x39,0x01,0x00,0x83,0x10,0x62,0x08,0x62,0x08,0x42,0x08,0x62,0x08,0x62,0x08,0x42,0x08,0x42,0x08,
  0x62,0x08,0x62,0x08,0x62,0x08,0x42,0x08,0x62,0x08,0x62,0x08,0x62,0x08,0x62,0x08,0x62,0x08,0x82,0x08,0x62,0x08,0x62,0x10,
  0x83,0x10,0x42,0x08,0x8E,0x63,0x0C,0x5B,0x41,0x08,0xC4,0x18,0x42,0x08,0x62,0x08,0x62,0x08,0x62,0x08,0x42,0x08,0x42,0x08,
  0x62,0x08,0x62,0x08,0x62,0x08,0x62,0x08,0x62,0x08,0x62,0x08,0x62,0x08,0x62,0x08,0x62,0x08,0x62,0x08,0x42,0x08,0x42,0x08,
  0x62,0x08,0x82,0x10,0x00,0x00,0x0C,0x53,0x9C,0xB6,0x1A,0xA6,0x5B,0xAE,0xB8,0x9D,0xA3,0x10,0x62,0x08,0x83,0x10,0xA3,0x10,
  0xC3,0x10,0x42,0x08,0xAC,0x4A,0xD6,0x53,0x36,0x64,0x99,0x95,0x59,0x8D,0x99,0x95,0x77,0x6C,0x95,0x4B,0xA7,0x31,0x42,0x08,
  0xA3,0x18,0xCE,0x4A,0x95,0x43,0xF8,0x7C,0x79,0x8D,0xB9,0x95,0x58,0x85,0xD6,0x53,0x35,0x64,0x05,0x21,0x82,0x08,0x62,0x08,
  0x62,0x08,0x83,0x10,0x42,0x08,0xEC,0x52,0x5C,0xAE,0xDA,0x9D,0x1B,0xA6,0x97,0x9D,0xC4,0x18,0x41,0x00,0x82,0x10,0x82,0x08,
  0x62,0x08,0x42,0x08,0x62,0x08,0x62,0x08,0x62,0x08,0x42,0x08,0x42,0x08,0x62,0x08,0x62,0x08,0x62,0x08,0x62,0x08,0x62,0x08,
  0x62,0x08,0x42,0x08,0x42,0x08,0x42,0x08,0xC3,0x18,0x8D,0x4A,0xEF,0x52,0x05,0x21,0x42,0x08,0x62,0x08,0xA3,0x10,0xA3,0x10,
  0x62,0x08,0x42,0x08,0x62,0x08,0x42,0x08,0x62,0x08,0x62,0x08,0x62,0x08,0x62,0x08,0x62,0x08,0x62,0x08,0x62,0x08,0x42,0x08,
  0x62,0x08,0x62,0x08,0x42,0x08,0x42,0x08,0x42,0x08,0x42,0x08,0x42,0x08,0x42,0x08,0x21,0x00,0x05,0x21,0x3A,0xAE,0x1B,0xA6,
  0x1A,0xA6,0x3B,0xAE,0x88,0x31,0x42,0x08,0xA3,0x10,0xA3,0x10,0xA3,0x10,0x62,0x08,0x08,0x3A,0x36,0x64,0xF5,0x53,0x38,0x8D,
  0x59,0x8D,0x99,0x95,0xF8,0x7C,0x76,0x43,0x6B,0x42,0x42,0x10,0x04,0x21,0x11,0x43,0xD5,0x4B,0x58,0x85,0x59,0x8D,0xB9,0x95,
  0xD7,0x74,0x16,0x54,0x50,0x5B,0x62,0x10,0x83,0x10,0x42,0x08,0x62,0x08,0x83,0x10,0x42,0x08,0x50,0x74,0x5C,0xAE,0xDA,0x9D,
  0x1C,0xA6,0x50,0x74,0x42,0x08,0x82,0x08,0x83,0x10,0x82,0x08,0x62,0x08,0x62,0x08,0x62,0x08,0x62,0x08,0x62,0x08,0x62,0x08,
  0x62,0x08,0x62,0x08,0x62,0x08,0x62,0x08,0x62,0x08,0x62,0x08,0x62,0x08,0x62,0x08,0x82,0x08,0x21,0x00,0xC9,0x39,0xB6,0x4B,
  0xB6,0x43,0x2B,0x42,0x42,0x08,0x82,0x08,0x62,0x08,0x62,0x08,0x62,0x08,0x62,0x08,0x62,0x08,0x62,0x08,0x62,0x08,0x62,0x08,
  0x62,0x08,0x62,0x08,0x62,0x08,0x62,0x08,0x62,0x08,0x62,0x08,0x62,0x08,0x42,0x08,0x62,0x08,0x62,0x08,0x62,0x08,0x62,0x08,
  0x62,0x08,0x62,0x08,0x62,0x08,0x42,0x08,0xF5,0x8C,0x5C,0xAE,0xDA,0x9D,0x5C,0xAE,0x4D,0x5B,0x42,0x08,0x83,0x10,0x82,0x08,
  0x82,0x08,0xC4,0x18,0x04,0x21,0xB2,0x5B,0xD6,0x53,0xF8,0x7C,0x99,0x95,0x59,0x8D,0x58,0x85,0xD6,0x4B,0xAF,0x42,0x83,0x18,
  0x86,0x29,0x33,0x43,0x16,0x5C,0x79,0x85,0x59,0x8D,0x59,0x8D,0x36,0x64,0x17,0x5C,0x2B,0x42,0x42,0x08,0x82,0x08,0x42,0x08,
  0x62,0x08,0x62,0x08,0x62,0x08,0x94,0x8C,0x3B,0xA6,0xDA,0x9D,0x5C,0xAE,0x4D,0x5B,0x01,0x00,0x62,0x08,0x62,0x08,0x62,0x08,
  0x62,0x08,0x62,0x08,0x62,0x08,0x62,0x08,0x62,0x08,0x42,0x08,0x62,0x08,0x62,0x08,0x62,0x08,0x62,0x08,0x62,0x08,0x62,0x08,
  0x62,0x08,0x62,0x08,0x82,0x08,0x21,0x08,0x0B,0x3A,0x35,0x3B,0x35,0x3B,0xAE,0x42,0x21,0x08,0x62,0x08,0x62,0x08,0x62,0x08,
  0x62,0x08,0x62,0x08,0x62,0x08,0x62,0x08,0x62,0x08,0x62,0x08,0x62,0x08,0x62,0x08,0x62,0x08,0x62,0x08,0x62,0x08,0x62,0x08,
  0x42,0x08,0x42,0x08,0x62,0x08,0x42,0x08,0x62,0x08,0x62,0x08,0x42,0x08,0x62,0x08,0x62,0x08,0x01,0x00,0x30,0x74,0x5C,0xAE,
  0xDA,0x9D,0x5C,0xAE,0x70,0x74,0x42,0x08,0xC3,0x10,0x82,0x08,0x82,0x10,0xC4,0x18,0x62,0x08,0xED,0x52,0x17,0x5C,0x77,0x6C,
  0x59,0x8D,0x59,0x8D,0x38,0x8D,0xD6,0x53,0x12,0x43,0x46,0x29,0xE9,0x39,0x75,0x43,0x77,0x6C,0x38,0x8D,0x78,0x8D,0x58,0x85,
  0xB5,0x53,0x36,0x64,0xC7,0x31,0x42,0x08,0x82,0x08,0x62,0x08,0x62,0x08,0x42,0x08,0x62,0x08,0xF6,0x8C,0x3B,0xA6,0xDA,0x9D,
  0x9C,0xAE,0xAB,0x4A,0x01,0x00,0x62,0x08,0x42,0x08,0x42,0x08,0x62,0x08,0x42,0x08,0x62,0x08,0x62,0x08,0x62,0x08,0x62,0x08,
  0x62,0x08,0x62,0x08,0x62,0x08,0x62,0x08,0x62,0x08,0x62,0x08,0x62,0x08,0x42,0x08,0x82,0x08,0x83,0x10,0x10,0x4B,0xD4,0x32,
  0x35,0x3B,0x10,0x4B,0x62,0x10,0x62,0x08,0x62,0x08,0x62,0x08,0x62,0x08,0x62,0x08,0x62,0x08,0x62,0x08,0x62,0x08,0x62,0x08,
  0x62,0x08,0x62,0x08,0x62,0x08,0x62,0x08,0x62,0x08,0x62,0x08,0x42,0x08,0x42,0x08,0x42,0x08,0x42,0x08,0x42,0x08,0x42,0x08,
  0x62,0x08,0x42,0x08,0x62,0x08,0x00,0x00,0xAE,0x63,0x5C,0xAE,0x99,0x9D,0x1C,0xA6,0xB2,0x7C,0x42,0x08,0xA3,0x10,0x62,0x08,
  0x82,0x10,0xA3,0x10,0x21,0x00,0xE9,0x39,0x57,0x64,0x36,0x5C,0x59,0x8D,0x38,0x8D,0x38,0x8D,0x36,0x5C,0x14,0x43,0xC9,0x39,
  0x2B,0x3A,0x95,0x43,0xD7,0x74,0x78,0x8D,0x58,0x85,0xF8,0x7C,0x16,0x54,0xF4,0x63,0x04,0x21,0xA3,0x10,0xA3,0x10,0x62,0x08,
  0x62,0x08,0x62,0x08,0x83,0x10,0xF6,0x8C,0x3B,0xA6,0xDA,0x9D,0x1B,0xA6,0xC9,0x39,0x21,0x00,0x62,0x08,0x62,0x08,0x62,0x08,
  0x62,0x08,0x62,0x08,0x62,0x08,0x62,0x08,0x62,0x08,0x62,0x08,0x62,0x08,0x62,0x08,0x62,0x08,0x62,0x08,0x62,0x08,0x62,0x08,
  0x42,0x08,0x62,0x08,0x62,0x08,0x45,0x29,0x53,0x53,0xF4,0x32,0xF4,0x32,0x33,0x4B,0xC4,0x18,0x42,0x08,0x82,0x08,0x62,0x08,
  0x62,0x08,0x62,0x08,0x62,0x08,0x62,0x08,0x62,0x08,0x62,0x08,0x62,0x08,0x42,0x08,0x62,0x08,0x62,0x08,0x62,0x08,0x62,0x08,
  0x42,0x08,0x42,0x08,0x62,0x08,0x62,0x08,0x42,0x08,0x62,0x08,0x42,0x08,0x62,0x08,0x62,0x08,0x01,0x00,0x4D,0x5B,0x1C,0xA6,
  0x99,0x9D,0x3B,0xA6,0x94,0x84,0x62,0x10,0x83,0x10,0xA3,0x10,0xA3,0x10,0x62,0x08,0x41,0x00,0x05,0x21,0x76,0x6C,0x36,0x5C,
  0x58,0x85,0x58,0x85,0x78,0x8D,0x77,0x6C,0x34,0x43,0x4A,0x42,0xAF,0x42,0xD5,0x4B,0xF8,0x7C,0x58,0x85,0x58,0x85,0xD7,0x74,
  0x16,0x54,0xB2,0x63,0x83,0x10,0xA3,0x10,0xA3,0x10,0x62,0x08,0x62,0x08,0x42,0x08,0x62,0x10,0x36,0x8D,0x1B,0xA6,0xDA,0x9D,
  0x1B,0xA6,0x08,0x3A,0x21,0x00,0x62,0x08,0x62,0x08,0x62,0x08,0x62,0x08,0x62,0x08,0x62,0x08,0x62,0x08,0x62,0x08,0x62,0x08,
  0x62,0x08,0x62,0x08,0x62,0x08,0x62,0x08,0x62,0x08,0x62,0x08,0x62,0x08,0x62,0x08,0x21,0x08,0xC7,0x31,0x34,0x43,0xD3,0x32,
  0xD3,0x32,0x54,0x43,0xA7,0x31,0x62,0x08,0x82,0x08,0x62,0x08,0x62,0x08,0x62,0x08,0x62,0x08,0x62,0x08,0x62,0x08,0x62,0x08,
  0x83,0x10,0x62,0x08,0x62,0x08,0x62,0x08,0x62,0x08,0x62,0x08,0x82,0x10,0x62,0x08,0x62,0x08,0x62,0x08,0x62,0x08,0x62,0x08,
  0x62,0x08,0x62,0x08,0x82,0x08,0x01,0x00,0x0C,0x53,0x3B,0xA6,0x99,0x9D,0x3B,0xA6,0x73,0x7C,0x42,0x08,0x62,0x08,0x82,0x08,
  0x62,0x08,0x42,0x08,0x42,0x08,0x83,0x10,0xF3,0x63,0x57,0x5C,0xF8,0x7C,0x18,0x85,0x18,0x85,0xB7,0x74,0x75,0x43,0x6D,0x42,
  0xF1,0x4A,0x95,0x4B,0xF8,0x7C,0x58,0x85,0x58,0x85,0x77,0x6C,0x17,0x5C,0x4F,0x5B,0x42,0x08,0xA3,0x10,0xC3,0x18,0x62,0x08,
  0x42,0x08,0x42,0x08,0x62,0x10,0xF5,0x8C,0x1B,0xA6,0xD9,0x9D,0x5B,0xAE,0x6A,0x42,0x21,0x00,0x62,0x08,0x62,0x08,0x62,0x08,
  0x62,0x08,0x62,0x08,0x82,0x08,0x62,0x08,0x62,0x08,0x42,0x08,0x62,0x08,0x42,0x08,0x62,0x08,0x62,0x08,0x62,0x08,0x62,0x08,
  0x42,0x08,0x62,0x08,0x01,0x00,0xEA,0x39,0x95,0x43,0x93,0x2A,0x13,0x33,0x34,0x43,0xE9,0x39,0x62,0x10,0x82,0x10,0x62,0x08,
  0x62,0x08,0x62,0x08,0x62,0x08,0x82,0x08,0x62,0x08,0x62,0x08,0xA3,0x10,0x62,0x08,0x42,0x08,0x42,0x08,0x62,0x08,0x42,0x08,
  0x83,0x10,0x83,0x10,0x62,0x08,0x62,0x08,0x62,0x08,0x62,0x08,0x62,0x08,0x62,0x08,0x62,0x08,0x00,0x00,0x6D,0x5B,0x9C,0xAE,
  0xB9,0x95,0x3B,0xA6,0x91,0x74,0x21,0x08,0x62,0x08,0x62,0x08,0x42,0x08,0x42,0x08,0x62,0x08,0x21,0x08,0xB1,0x5B,0x57,0x5C,
  0xD7,0x74,0x18,0x85,0x18,0x85,0x17,0x7D,0x95,0x4B,0xAF,0x4A,0xF3,0x42,0xF5,0x53,0xF8,0x7C,0xF8,0x7C,0x58,0x85,0x96,0x6C,
  0x77,0x64,0xCC,0x4A,0x21,0x00,0x83,0x10,0xA3,0x10,0x62,0x08,0x42,0x08,0x62,0x08,0x42,0x08,0x94,0x84,0x3B,0xA6,0xD9,0x9D,
  0x5C,0xA6,0x0C,0x53,0x01,0x00,0x82,0x08,0x42,0x08,0x62,0x08,0x62,0x08,0x62,0x08,0x62,0x08,0x62,0x08,0x62,0x08,0x62,0x08,
  0x62,0x08,0x42,0x08,0x42,0x08,0x62,0x08,0x62,0x08,0x42,0x08,0x42,0x08,0x62,0x08,0x21,0x08,0xCE,0x4A,0x35,0x3B,0x34,0x43,
  0x14,0x3B,0x35,0x3B,0x4C,0x42,0x83,0x10,0x83,0x10,0x62,0x08,0x62,0x08,0x42,0x08,0x62,0x08,0x01,0x00,0x00,0x00,0x21,0x00,
  0x83,0x10,0x62,0x08,0x42,0x08,0x42,0x08,0x42,0x08,0x42,0x08,0xA3,0x10,0x83,0x10,0x62,0x08,0x62,0x08,0x62,0x08,0x62,0x08,
  0x62,0x08,0x62,0x08,0x82,0x08,0x01,0x00,0x90,0x63,0x5C,0xA6,0xB9,0x95,0x5C,0xA6,0x30,0x6C,0x21,0x00,0x62,0x08,0x62,0x08,
  0x62,0x08,0x62,0x08,0x62,0x08,0x21,0x08,0x0F,0x53,0x17,0x5C,0xB7,0x6C,0x18,0x85,0x18,0x85,0x38,0x7D,0xD5,0x4B,0xF1,0x4A,
  0x74,0x4B,0xF5,0x53,0xF8,0x7C,0xF8,0x7C,0xF8,0x7C,0x76,0x64,0xB7,0x6C,0x4A,0x42,0x01,0x00,0x62,0x08,0x82,0x08,0x62,0x08,
  0x62,0x08,0x62,0x08,0x21,0x00,0x0F,0x6C,0x3B,0xA6,0xB9,0x9D,0x3B,0xA6,0x2F,0x6C,0x01,0x00,0x62,0x08,0x82,0x08,0x62,0x08,
  0x62,0x08,0x62,0x08,0x62,0x08,0x62,0x08,0x62,0x08,0x42,0x08,0x62,0x08,0x62,0x08,0x62,0x08,0x62,0x08,0x62,0x08,0x82,0x10,
  0x62,0x08,0x42,0x08,0x62,0x10,0x72,0x4B,0xB4,0x2A,0x73,0x5B,0x53,0x4B,0xD4,0x32,0xCE,0x4A,0x83,0x18,0xA3,0x10,0x62,0x08,
  0x82,0x08,0x83,0x10,0x41,0x08,0x89,0x31,0x8D,0x4A,0xC4,0x18,0x62,0x08,0x62,0x08,0x62,0x08,0x62,0x08,0x62,0x08,0x62,0x08,
  0x62,0x08,0x82,0x08,0x62,0x08,0x62,0x08,0x62,0x08,0x62,0x08,0x62,0x08,0x42,0x08,0x62,0x08,0x42,0x08,0x94,0x84,0x3B,0xA6,
  0xD9,0x9D,0x9C,0xAE,0x2C,0x53,0x01,0x00,0x62,0x08,0x62,0x08,0x62,0x08,0x62,0x08,0x62,0x08,0x21,0x08,0xED,0x52,0x77,0x64,
  0x96,0x6C,0xF8,0x7C,0xF8,0x7C,0x38,0x7D,0xD5,0x4B,0x33,0x4B,0x54,0x43,0x16,0x54,0x38,0x7D,0xD7,0x7C,0x38,0x7D,0x76,0x64,
  0x97,0x64,0xE7,0x31,0x01,0x00,0x62,0x08,0x62,0x08,0x62,0x08,0x62,0x08,0x82,0x08,0x01,0x00,0xCB,0x4A,0x3B,0xA6,0xB9,0x95,
  0xBA,0x9D,0xF5,0x8C,0x83,0x10,0x82,0x08,0xA3,0x10,0x62,0x08,0x62,0x08,0x42,0x08,0x62,0x08,0x62,0x08,0x62,0x08,0x62,0x08,
  0x62,0x08,0x62,0x08,0x62,0x08,0xC3,0x18,0xC4,0x18,0xA3,0x10,0xA3,0x10,0x21,0x00,0x04,0x21,0x94,0x4B,0x15,0x33,0x0F,0x53,
  0xF0,0x4A,0xF5,0x2A,0x11,0x4B,0xE4,0x20,0xC4,0x18,0x82,0x10,0xA3,0x10,0x82,0x10,0x05,0x21,0x74,0x53,0x97,0x43,0xEE,0x52,
  0x21,0x08,0x62,0x08,0x62,0x08,0x62,0x08,0x62,0x08,0x62,0x08,0x62,0x08,0x62,0x08,0x62,0x08,0x62,0x08,0x62,0x08,0x62,0x08,
  0x42,0x08,0x62,0x08,0x42,0x08,0xC4,0x18,0xB8,0x9D,0xFA,0x9D,0xB9,0x95,0x1B,0xA6,0x28,0x3A,0x21,0x00,0x62,0x08,0x62,0x08,
  0x62,0x08,0x62,0x08,0x82,0x08,0x21,0x00,0x2B,0x42,0x77,0x64,0x76,0x64,0x17,0x7D,0x17,0x7D,0x38,0x7D,0xD5,0x4B,0x53,0x43,
  0xF3,0x3A,0x16,0x54,0xD7,0x74,0xD7,0x74,0xD7,0x74,0x76,0x64,0x77,0x6C,0x86,0x29,0x01,0x00,0x62,0x08,0x62,0x08,0x42,0x08,
  0x42,0x08,0x82,0x08,0x21,0x00,0xA7,0x31,0xDA,0x9D,0xB9,0x95,0x9A,0x95,0xDA,0x9D,0xC7,0x31,0x62,0x08,0xC3,0x10,0xA3,0x10,
  0x82,0x10,0x83,0x10,0x82,0x10,0x62,0x08,0x42,0x08,0x42,0x08,0x62,0x08,0x41,0x00,0xC4,0x18,0x71,0x53,0x92,0x5B,0x66,0x29,
  0xA3,0x10,0x62,0x08,0xC9,0x39,0x75,0x43,0x75,0x3B,0xEA,0x39,0x8E,0x42,0x35,0x33,0x53,0x4B,0x05,0x21,0xA3,0x10,0xA3,0x10,
  0xA3,0x10,0x62,0x08,0xE9,0x39,0x35,0x43,0xD4,0x2A,0x73,0x4B,0xC4,0x18,0x42,0x08,0x62,0x08,0x62,0x08,0x62,0x08,0x62,0x08,
  0x62,0x08,0x62,0x08,0x62,0x08,0x62,0x08,0x62,0x08,0x62,0x08,0x62,0x08,0x82,0x10,0x21,0x00,0x49,0x42,0x1B,0xA6,0xB9,0x95,
  0xFA,0x9D,0x98,0x9D,0x05,0x21,0x21,0x00,0x62,0x08,0x62,0x08,0x62,0x08,0x62,0x08,0x82,0x08,0x21,0x00,0xEB,0x4A,0x98,0x6C,
  0x76,0x64,0xD7,0x74,0xD7,0x74,0xD7,0x74,0xD5,0x4B,0x95,0x4B,0xF3,0x3A,0xF5,0x53,0xD7,0x74,0xD7,0x74,0xD7,0x74,0x76,0x64,
  0xB7,0x6C,0x47,0x29,0x21,0x00,0x62,0x08,0x62,0x08,0x62,0x08,0x62,0x08,0x62,0x08,0x62,0x08,0xA3,0x10,0x16,0x8D,0xDA,0x95,
  0x99,0x95,0xDB,0x9D,0x8E,0x63,0x42,0x08,0xC4,0x18,0xA3,0x10,0x82,0x10,0x82,0x08,0x62,0x08,0x62,0x08,0x62,0x08,0x62,0x08,
  0xA3,0x10,0x01,0x00,0x0B,0x3A,0x75,0x3B,0x35,0x3B,0xAC,0x4A,0xA3,0x18,0xE4,0x20,0xEE,0x4A,0xD4,0x32,0x34,0x43,0x05,0x21,
  0x4C,0x3A,0x35,0x3B,0x34,0x43,0x47,0x29,0x62,0x10,0xA3,0x10,0xC4,0x18,0xA3,0x18,0xAD,0x4A,0x35,0x3B,0xD3,0x32,0x75,0x43,
  0xEA,0x39,0x62,0x10,0xA3,0x10,0x62,0x08,0x62,0x08,0x62,0x08,0x62,0x08,0x62,0x08,0x42,0x08,0x62,0x08,0x62,0x08,0x62,0x08,
  0x62,0x08,0xA3,0x10,0x21,0x08,0xD1,0x6B,0xDB,0x9D,0x99,0x95,0xDB,0x9D,0x94,0x84,0x42,0x08,0x62,0x08,0x42,0x08,0x62,0x08,
  0x62,0x08,0x62,0x08,0x82,0x08,0x00,0x00,0x8A,0x42,0xD8,0x6C,0x76,0x64,0xD7,0x74,0xD7,0x74,0xD7,0x74,0x95,0x4B,0x95,0x4B,
  0xF3,0x3A,0xF5,0x53,0xD7,0x74,0xB7,0x74,0xB7,0x74,0x76,0x64,0xD7,0x74,0x47,0x29,0x21,0x00,0x62,0x08,0x62,0x08,0x62,0x08,
  0x62,0x08,0x62,0x08,0x83,0x10,0x21,0x08,0x30,0x6C,0x5C,0xA6,0xDA,0x95,0xFB,0x95,0x78,0x95,0x05,0x21,0x83,0x10,0x82,0x08,
  0x62,0x08,0x42,0x08,0x42,0x08,0x62,0x08,0x62,0x08,0x82,0x10,0x82,0x08,0xE4,0x20,0x52,0x4B,0x14,0x33,0x14,0x3B,0x31,0x4B,
  0xE4,0x20,0xE4,0x20,0xF0,0x4A,0xF4,0x2A,0x33,0x4B,0x83,0x18,0xC9,0x31,0x75,0x3B,0x35,0x3B,0xE9,0x39,0x21,0x08,0x83,0x10,
  0xA3,0x10,0x05,0x21,0x31,0x53,0xF4,0x32,0x13,0x33,0x14,0x33,0x30,0x4B,0xA3,0x18,0xC3,0x10,0x62,0x08,0x42,0x08,0x62,0x08,
  0x62,0x08,0x62,0x08,0x62,0x08,0x42,0x08,0x62,0x08,0x62,0x08,0x82,0x08,0x62,0x08,0xC7,0x31,0xDA,0x9D,0xDA,0x95,0xDA,0x95,
  0x1C,0xA6,0x2C,0x5B,0x01,0x00,0x83,0x10,0x62,0x08,0x62,0x08,0x62,0x08,0x62,0x08,0x62,0x08,0x00,0x00,0x28,0x3A,0xD7,0x74,
  0x76,0x64,0xB7,0x74,0xB7,0x74,0xB7,0x74,0x95,0x4B,0x95,0x4B,0xF3,0x3A,0xD5,0x4B,0xB7,0x74,0xB7,0x74,0xB7,0x74,0x76,0x64,
  0xD7,0x74,0xA6,0x29,0x21,0x00,0x62,0x08,0x62,0x08,0x62,0x08,0x42,0x08,0x62,0x08,0xA3,0x10,0x82,0x08,0x49,0x42,0x37,0x8D,
  0xD6,0x84,0xD6,0x84,0x57,0x95,0x8A,0x4A,0x62,0x08,0x83,0x10,0x62,0x08,0x62,0x08,0x62,0x08,0x42,0x08,0x42,0x08,0x82,0x08,
  0x21,0x08,0x6B,0x42,0x35,0x3B,0xF3,0x32,0xD3,0x32,0x95,0x4B,0x88,0x31,0xE4,0x20,0x73,0x4B,0xB4,0x2A,0xF0,0x4A,0x83,0x18,
  0x67,0x29,0x34,0x43,0x75,0x3B,0x6D,0x42,0x42,0x08,0x82,0x08,0x42,0x08,0xA7,0x31,0x94,0x4B,0x13,0x33,0x74,0x4B,0x13,0x33,
  0x74,0x43,0x86,0x29,0x42,0x08,0x62,0x08,0x42,0x08,0x62,0x08,0x42,0x08,0x42,0x08,0x42,0x08,0x62,0x08,0x62,0x08,0x62,0x08,
  0x83,0x10,0x41,0x00,0x0C,0x53,0x78,0x95,0xF6,0x84,0x17,0x85,0x16,0x8D,0x47,0x29,0x62,0x08,0x82,0x08,0x62,0x08,0x62,0x08,
  0x62,0x08,0x62,0x08,0x62,0x08,0x00,0x00,0x6A,0x42,0xF8,0x74,0x96,0x6C,0xB7,0x74,0xB7,0x74,0xB7,0x74,0xB5,0x43,0x74,0x4B,
  0x54,0x43,0x95,0x4B,0xB7,0x6C,0x77,0x6C,0xB7,0x6C,0x76,0x64,0xD7,0x74,0x67,0x29,0x21,0x00,0x82,0x08,0x62,0x08,0x62,0x10,
  0x62,0x10,0x62,0x10,0xA3,0x18,0xE4,0x20,0xC3,0x20,0xE4,0x20,0xE4,0x20,0xC3,0x20,0xA3,0x18,0x83,0x18,0x83,0x10,0x62,0x10,
  0x62,0x10,0x42,0x10,0x42,0x08,0x42,0x08,0x42,0x08,0x62,0x10,0xC3,0x20,0x72,0x53,0xF4,0x32,0x74,0x4B,0x54,0x43,0x35,0x3B,
  0x4C,0x3A,0x86,0x29,0x95,0x4B,0x35,0x3B,0x6C,0x42,0x83,0x10,0x86,0x31,0x53,0x4B,0x15,0x33,0x10,0x4B,0x62,0x10,0x82,0x08,
  0x21,0x08,0x09,0x3A,0x35,0x3B,0x33,0x3B,0x92,0x6B,0xF3,0x3A,0x75,0x3B,0xAD,0x4A,0x42,0x10,0x62,0x10,0x62,0x10,0x62,0x10,
  0x62,0x10,0x62,0x10,0x62,0x10,0x62,0x10,0x42,0x10,0x62,0x10,0x62,0x10,0x42,0x10,0x83,0x10,0xA3,0x18,0xC3,0x20,0xE4,0x20,
  0xE4,0x20,0xC4,0x18,0xE4,0x20,0xC3,0x18,0x62,0x10,0x83,0x10,0x62,0x08,0x62,0x08,0xA3,0x10,0x01,0x00,0x4A,0x42,0xF8,0x74,
  0x96,0x6C,0xB7,0x6C,0x77,0x6C,0xB7,0x6C,0xB5,0x43,0x12,0x43,0x74,0x4B,0xB5,0x43,0xB7,0x6C,0xB7,0x6C,0xB7,0x6C,0x76,0x64,
  0xF8,0x74,0x8A,0x42,0x21,0x00,0xC4,0x18,0xC3,0x18,0x2B,0x42,0x30,0x4B,0xD0,0x42,0x10,0x4B,0xF0,0x4A,0x30,0x4B,0xD0,0x42,
  0xEF,0x42,0xEF,0x42,0xAF,0x42,0xEF,0x42,0xD0,0x42,0xD0,0x42,0x10,0x4B,0x10,0x4B,0xAF,0x42,0xAF,0x42,0xAF,0x42,0x10,0x4B,
  0x52,0x53,0x54,0x43,0x14,0x33,0x0F,0x53,0x51,0x53,0xF4,0x2A,0x72,0x4B,0x6D,0x5B,0x35,0x3B,0x95,0x43,0xC8,0x31,0x62,0x08,
  0x04,0x21,0x32,0x4B,0xD4,0x32,0x72,0x4B,0xE4,0x20,0x82,0x08,0x62,0x10,0xCE,0x4A,0x15,0x33,0x33,0x43,0xA7,0x31,0x52,0x4B,
  0xD4,0x32,0x94,0x4B,0x10,0x53,0xF0,0x4A,0xF0,0x4A,0xF0,0x4A,0xF0,0x4A,0xF0,0x4A,0xF0,0x4A,0xD0,0x42,0xAF,0x42,0xD0,0x42,
  0xAF,0x42,0xEF,0x42,0xAF,0x42,0xAF,0x42,0xD0,0x42,0xD0,0x42,0x10,0x4B,0xF0,0x4A,0xF0,0x4A,0x30,0x4B,0x10,0x4B,0x30,0x4B,
  0xAC,0x4A,0x04,0x21,0xC4,0x18,0x21,0x08,0x8C,0x4A,0xF8,0x74,0x96,0x6C,0xB7,0x6C,0xB7,0x6C,0xB7,0x6C,0xB5,0x43,0x12,0x4B,
  0x73,0x4B,0x75,0x43,0x76,0x64,0xB7,0x6C,0xB7,0x6C,0x96,0x6C,0xF8,0x74,0xEB,0x4A,0x62,0x08,0xA3,0x10,0x45,0x29,0x94,0x53,
  0xF5,0x2A,0x55,0x33,0xF5,0x2A,0x55,0x33,0x55,0x33,0x15,0x33,0x15,0x33,0x15,0x33,0x35,0x33,0x35,0x33,0x35,0x33,0x35,0x33,
  0x15,0x33,0x15,0x33,0x15,0x33,0x15,0x33,0x15,0x33,0x15,0x33,0xB4,0x2A,0xB4,0x2A,0xB5,0x53,0x05,0x21,0x4B,0x3A,0x75,0x3B,
  0x14,0x3B,0x94,0x5B,0xD4,0x2A,0x94,0x4B,0x05,0x21,0x62,0x08,0x83,0x10,0xCF,0x4A,0xD4,0x32,0xF3,0x42,0x86,0x31,0x82,0x08,
  0xE4,0x20,0x53,0x53,0x35,0x33,0x31,0x4B,0x62,0x18,0xAE,0x4A,0x56,0x3B,0xF4,0x2A,0x15,0x33,0x15,0x33,0x15,0x33,0x15,0x33,
  0xF5,0x2A,0x15,0x33,0x15,0x33,0x35,0x33,0x35,0x33,0x35,0x33,0x35,0x33,0x35,0x33,0x35,0x33,0x15,0x33,0x15,0x33,0x15,0x33,
  0x15,0x33,0x15,0x33,0x15,0x33,0x15,0x33,0x15,0x33,0xF5,0x2A,0x95,0x4B,0xC7,0x39,0xA3,0x10,0x41,0x08,0x4F,0x5B,0xF8,0x74,
  0x96,0x6C,0xB7,0x6C,0xB7,0x6C,0x76,0x64,0x75,0x43,0x11,0x4B,0x31,0x4B,0x75,0x43,0x76,0x64,0xB7,0x6C,0x76,0x64,0x96,0x6C,
  0xF8,0x6C,0x2E,0x5B,0x62,0x10,0xC3,0x10,0xA3,0x18,0x6D,0x42,0x33,0x4B,0x52,0x4B,0x52,0x4B,0x52,0x4B,0x52,0x4B,0x72,0x53,
  0x52,0x4B,0x32,0x4B,0x32,0x4B,0x52,0x4B,0x52,0x4B,0x52,0x4B,0x33,0x4B,0x32,0x53,0x72,0x53,0x32,0x53,0x32,0x53,0x52,0x4B,
  0x72,0x53,0x53,0x53,0x4C,0x42,0x42,0x08,0x47,0x29,0x74,0x4B,0xF4,0x32,0xF4,0x32,0xD4,0x32,0x31,0x4B,0xE4,0x20,0xA3,0x10,
  0x62,0x10,0x0B,0x3A,0x35,0x3B,0x14,0x3B,0xA8,0x31,0x82,0x10,0xE7,0x31,0x34,0x43,0x15,0x33,0xCD,0x42,0x21,0x08,0x05,0x21,
  0x71,0x53,0x73,0x4B,0x52,0x4B,0x52,0x4B,0x32,0x4B,0x32,0x4B,0x52,0x4B,0x52,0x4B,0x52,0x4B,0x52,0x4B,0x52,0x4B,0x52,0x4B,
  0x32,0x4B,0x52,0x4B,0x32,0x4B,0x52,0x4B,0x32,0x4B,0x12,0x4B,0x12,0x4B,0x52,0x4B,0x52,0x4B,0x52,0x4B,0x52,0x4B,0x72,0x53,
  0x0F,0x53,0x04,0x21,0xA3,0x10,0x62,0x10,0xB0,0x63,0xD8,0x6C,0x96,0x6C,0x97,0x64,0xB7,0x6C,0x36,0x64,0x75,0x43,0x8E,0x42,
  0xEF,0x4A,0x95,0x43,0x16,0x5C,0x76,0x64,0x76,0x64,0x76,0x64,0xD8,0x6C,0x91,0x63,0x62,0x10,0xC3,0x10,0x62,0x08,0x62,0x10,
  0xC3,0x20,0xC3,0x18,0xC4,0x18,0xC4,0x18,0xE4,0x20,0xE4,0x20,0xC3,0x18,0xC3,0x18,0xA3,0x18,0xA3,0x18,0xA3,0x18,0xC3,0x20,
  0xC3,0x20,0xC4,0x18,0x05,0x21,0x05,0x21,0x04,0x21,0xE4,0x20,0xE4,0x20,0xC3,0x18,0x42,0x08,0x83,0x08,0x83,0x18,0xF0,0x4A,
  0x15,0x33,0xD3,0x32,0x15,0x33,0xCE,0x4A,0x83,0x18,0xC3,0x10,0x41,0x08,0x87,0x29,0x75,0x43,0x35,0x3B,0x0B,0x3A,0x01,0x08,
  0x6B,0x42,0x14,0x3B,0x34,0x43,0x8A,0x42,0x62,0x10,0xC3,0x10,0xA3,0x18,0xE4,0x20,0xC4,0x18,0xC3,0x18,0xC3,0x18,0xC4,0x18,
  0xE4,0x20,0x04,0x21,0x05,0x21,0x04,0x21,0xC3,0x18,0xA3,0x18,0xA3,0x18,0xA3,0x18,0x83,0x18,0xC3,0x18,0xC3,0x18,0xC4,0x18,
  0x04,0x21,0xE4,0x20,0xC3,0x18,0xC3,0x18,0xE4,0x20,0xE4,0x20,0x82,0x10,0xA3,0x10,0x62,0x08,0x83,0x10,0x13,0x6C,0xB7,0x6C,
  0x76,0x64,0x76,0x64,0x96,0x6C,0x16,0x5C,0x75,0x43,0x8C,0x42,0x6B,0x42,0x75,0x43,0xF5,0x53,0x76,0x64,0x76,0x64,0x76,0x64,
  0xB7,0x6C,0x95,0x74,0xC4,0x18,0xA3,0x10,0xA3,0x10,0x82,0x10,0x62,0x08,0x82,0x08,0xA3,0x10,0xA3,0x10,0xA3,0x10,0x62,0x08,
  0x42,0x08,0x04,0x21,0x53,0x7C,0x74,0x74,0x13,0x74,0x94,0x7C,0x53,0x7C,0xA7,0x31,0xA3,0x10,0xA3,0x10,0x82,0x08,0x62,0x08,
  0x82,0x08,0x82,0x08,0xC3,0x10,0xC4,0x18,0x62,0x10,0x8A,0x42,0x75,0x43,0xD3,0x32,0x95,0x43,0x2A,0x3A,0x42,0x08,0xC4,0x18,
  0x62,0x08,0x66,0x29,0x74,0x4B,0x35,0x3B,0xAE,0x4A,0x21,0x10,0x30,0x53,0x14,0x33,0xB3,0x4B,0x66,0x29,0xA3,0x10,0xA3,0x10,
  0xA3,0x10,0x82,0x08,0x82,0x08,0x83,0x10,0x83,0x10,0xA3,0x10,0x83,0x10,0xA3,0x10,0xC3,0x18,0x83,0x10,0xC9,0x39,0x94,0x7C,
  0x34,0x74,0x13,0x74,0x94,0x7C,0x30,0x74,0xA3,0x10,0x62,0x08,0x62,0x08,0xA3,0x10,0xA3,0x10,0x83,0x10,0x82,0x08,0x83,0x10,
  0xC3,0x10,0xA3,0x10,0x21,0x00,0x05,0x21,0xD6,0x74,0xB7,0x6C,0x76,0x64,0x76,0x64,0x76,0x64,0xF5,0x53,0x75,0x43,0xE9,0x39,
  0xE9,0x39,0x34,0x43,0x95,0x4B,0x76,0x64,0x76,0x64,0x76,0x64,0x97,0x64,0xB7,0x74,0xE8,0x39,0x83,0x10,0xC3,0x10,0x62,0x08,
  0x62,0x08,0xA3,0x10,0x82,0x08,0x82,0x08,0x83,0x10,0x83,0x10,0x83,0x10,0x42,0x08,0xAE,0x63,0xFB,0x95,0x18,0x7D,0xF8,0x7C,
  0x59,0x85,0x73,0x7C,0xA3,0x18,0xA3,0x10,0x82,0x10,0x62,0x08,0x62,0x08,0x82,0x08,0xA3,0x10,0xC3,0x10,0x82,0x08,0x66,0x29,
  0xB4,0x53,0xD4,0x2A,0x95,0x4B,0xC7,0x31,0x62,0x08,0xA3,0x10,0xA3,0x10,0x25,0x29,0x33,0x4B,0x15,0x33,0x30,0x4B,0xE4,0x20,
  0xB3,0x4B,0x55,0x33,0x30,0x4B,0x83,0x10,0xA3,0x10,0x82,0x08,0x62,0x08,0x62,0x08,0x62,0x08,0x62,0x08,0x82,0x08,0x83,0x10,
  0x82,0x08,0x62,0x08,0x62,0x08,0x04,0x21,0xD5,0x84,0x39,0x85,0x58,0x85,0x99,0x85,0xDA,0x95,0x8A,0x4A,0x41,0x08,0x62,0x08,
  0x82,0x08,0x83,0x10,0x82,0x10,0x82,0x08,0x62,0x08,0x62,0x08,0x82,0x10,0xA3,0x10,0x21,0x00,0xA8,0x31,0xF8,0x7C,0x96,0x6C,
  0x76,0x64,0x76,0x64,0x76,0x64,0xD5,0x4B,0x54,0x4B,0x47,0x29,0x66,0x29,0xF3,0x42,0xB5,0x43,0x16,0x5C,0x36,0x64,0x16,0x5C,
  0x76,0x64,0xB8,0x74,0x0C,0x53,0x62,0x08,0x83,0x10,0x42,0x08,0x42,0x08,0x42,0x08,0x42,0x08,0x42,0x08,0x42,0x08,0x62,0x08,
  0x62,0x08,0x42,0x08,0xC3,0x18,0x94,0x84,0x7A,0x85,0x18,0x85,0xF8,0x7C,0x59,0x85,0xCE,0x63,0x42,0x08,0x62,0x08,0x82,0x08,
  0xA3,0x10,0xA3,0x10,0x82,0x10,0x62,0x08,0x42,0x08,0x62,0x08,0xAD,0x4A,0xB6,0x4B,0x51,0x53,0xE4,0x20,0x62,0x08,0x62,0x08,
  0x82,0x08,0xE4,0x20,0x51,0x53,0x14,0x33,0x31,0x4B,0x49,0x42,0x54,0x3B,0x75,0x3B,0xAD,0x4A,0x01,0x00,0x62,0x08,0x42,0x08,
  0x42,0x08,0x42,0x08,0x42,0x08,0x42,0x08,0x42,0x08,0x42,0x08,0x82,0x10,0xA3,0x10,0x62,0x10,0x71,0x74,0x79,0x8D,0x78,0x8D,
  0x58,0x85,0xDA,0x8D,0x0F,0x6C,0x42,0x08,0x62,0x08,0x42,0x08,0x42,0x08,0x42,0x08,0x42,0x08,0x42,0x08,0x42,0x08,0x42,0x08,
  0x42,0x08,0x62,0x08,0x21,0x08,0xED,0x52,0x18,0x7D,0x76,0x64,0x36,0x64,0x36,0x64,0x76,0x64,0x95,0x43,0x32,0x4B,0xE4,0x20,
  0xC3,0x18,0x11,0x4B,0x35,0x3B,0x56,0x5C,0x36,0x64,0x16,0x5C,0x76,0x64,0xF8,0x74,0xD1,0x6B,0x41,0x08,0x62,0x08,0x42,0x08,
  0x62,0x08,0x62,0x08,0x42,0x08,0x42,0x08,0x62,0x08,0x62,0x08,0x62,0x08,0x62,0x08,0x62,0x08,0x66,0x29,0x17,0x8D,0x79,0x8D,
  0x78,0x8D,0x79,0x85,0x9A,0x95,0x0C,0x53,0x62,0x08,0xC4,0x18,0xC3,0x18,0x83,0x10,0x42,0x08,0x42,0x08,0x42,0x08,0x62,0x08,
  0xA3,0x10,0x47,0x29,0xC4,0x18,0x42,0x08,0x62,0x08,0x62,0x08,0xA3,0x10,0xA3,0x18,0xEE,0x4A,0x54,0x3B,0x53,0x43,0x12,0x6C,
  0x14,0x2B,0xD5,0x4B,0xC9,0x39,0x01,0x00,0x62,0x08,0x62,0x08,0x42,0x08,0x42,0x08,0x62,0x08,0x62,0x08,0x62,0x08,0x62,0x08,
  0xA3,0x10,0x62,0x08,0x8E,0x63,0xFA,0x9D,0x99,0x8D,0x78,0x8D,0xBA,0x8D,0xB4,0x84,0xA3,0x18,0x82,0x08,0x62,0x08,0x42,0x08,
  0x42,0x08,0x42,0x08,0x42,0x08,0x42,0x08,0x62,0x08,0x42,0x08,0x62,0x08,0xA3,0x10,0xA3,0x18,0xF3,0x6B,0xF8,0x74,0x36,0x64,
  0x16,0x5C,0x16,0x5C,0x56,0x5C,0x95,0x43,0x8E,0x42,0x62,0x10,0x62,0x10,0x6D,0x42,0x35,0x3B,0xF5,0x53,0x56,0x5C,0x16,0x5C,
  0x36,0x64,0xF8,0x74,0x75,0x74,0xA3,0x18,0x62,0x08,0x62,0x08,0x42,0x08,0x62,0x08,0x62,0x08,0x42,0x08,0x62,0x08,0x62,0x08,
  0x62,0x08,0x42,0x08,0xA3,0x10,0x41,0x08,0x08,0x3A,0xD9,0x9D,0x79,0x85,0x78,0x8D,0x58,0x85,0xDA,0x95,0xCB,0x4A,0x83,0x10,
  0xC4,0x18,0x82,0x08,0x42,0x08,0x42,0x08,0x42,0x08,0x42,0x08,0x82,0x08,0x62,0x08,0x83,0x10,0x83,0x10,0x62,0x08,0x82,0x10,
  0x83,0x10,0x62,0x10,0xEA,0x39,0x75,0x3B,0x14,0x3B,0xF5,0x53,0x13,0x33,0x53,0x4B,0x05,0x21,0x41,0x00,0x42,0x08,0x62,0x08,
  0x42,0x08,0x42,0x08,0x62,0x08,0x82,0x08,0x82,0x08,0xA3,0x10,0x42,0x08,0x4D,0x5B,0xDA,0x95,0x78,0x8D,0x78,0x8D,0x79,0x8D,
  0x57,0x95,0x05,0x21,0x62,0x08,0x83,0x10,0x42,0x08,0x42,0x08,0x62,0x08,0x62,0x08,0x42,0x08,0x42,0x08,0x42,0x08,0x42,0x08,
  0x62,0x08,0x83,0x10,0x66,0x29,0xD7,0x7C,0x77,0x6C,0x56,0x5C,0x16,0x5C,0x16,0x5C,0xF5,0x53,0x55,0x43,0x6B,0x42,0x42,0x08,
  0x21,0x08,0xA8,0x31,0x35,0x3B,0x95,0x4B,0x56,0x5C,0x56,0x5C,0x56,0x5C,0x77,0x6C,0x58,0x85,0xC9,0x39,0x41,0x08,0x82,0x08,
  0x42,0x08,0x62,0x08,0x62,0x08,0x42,0x08,0x62,0x08,0xA3,0x10,0x62,0x08,0x42,0x08,0x42,0x08,0x82,0x08,0x01,0x00,0xEB,0x52,
  0x9A,0x95,0x58,0x85,0x58,0x85,0x58,0x85,0x78,0x8D,0x6A,0x42,0x62,0x08,0x82,0x08,0x62,0x08,0x62,0x08,0x62,0x08,0x62,0x08,
  0x62,0x08,0x62,0x08,0x62,0x08,0xA3,0x10,0x62,0x08,0x62,0x08,0x62,0x08,0x21,0x00,0x86,0x29,0x75,0x43,0xF4,0x32,0x13,0x33,
  0x14,0x33,0x51,0x53,0xC3,0x20,0xA3,0x10,0x62,0x08,0x62,0x08,0x62,0x08,0x62,0x08,0x62,0x08,0xA3,0x10,0xC3,0x10,0x21,0x08,
  0x2C,0x53,0xBA,0x8D,0x58,0x85,0x58,0x85,0x58,0x85,0xB9,0x95,0x08,0x3A,0x01,0x00,0x82,0x08,0x62,0x08,0x62,0x08,0x62,0x08,
  0x62,0x08,0x62,0x08,0x62,0x08,0x62,0x08,0x62,0x08,0x62,0x08,0x62,0x08,0x01,0x00,0xCB,0x4A,0x39,0x7D,0x96,0x6C,0x56,0x5C,
  0x16,0x5C,0x56,0x5C,0x95,0x4B,0x54,0x4B,0x86,0x29,0x42,0x08,0x42,0x08,0xC4,0x18,0x12,0x4B,0x75,0x43,0x56,0x5C,0x16,0x5C,
  0x56,0x5C,0x76,0x64,0x39,0x7D,0x70,0x63,0x42,0x08,0x82,0x08,0x62,0x08,0x62,0x08,0x62,0x08,0x62,0x08,0x62,0x08,0xA3,0x10,
  0x62,0x08,0x41,0x08,0x42,0x08,0x62,0x08,0x62,0x08,0x21,0x08,0xCF,0x63,0xDA,0x8D,0x58,0x85,0x58,0x85,0x79,0x85,0xB8,0x95,
  0x08,0x3A,0x41,0x08,0xA3,0x10,0x62,0x08,0x62,0x08,0x62,0x08,0x62,0x08,0x62,0x08,0x62,0x08,0xA3,0x10,0x62,0x08,0x62,0x08,
  0x62,0x08,0x21,0x00,0xC4,0x18,0x94,0x4B,0x14,0x33,0xF4,0x32,0x35,0x3B,0x8D,0x4A,0x62,0x10,0x82,0x08,0x62,0x08,0x62,0x08,
  0x62,0x08,0x62,0x08,0x62,0x08,0xA3,0x10,0x01,0x00,0xCB,0x4A,0x9A,0x95,0x58,0x85,0x58,0x85,0x18,0x7D,0xBA,0x8D,0x2C,0x53,
  0x21,0x00,0x82,0x08,0x62,0x08,0x62,0x08,0x62,0x08,0x62,0x08,0x62,0x08,0x62,0x08,0x62,0x08,0x62,0x08,0x62,0x08,0x62,0x08,
  0x62,0x08,0x83,0x10,0x53,0x74,0x18,0x7D,0x76,0x64,0x56,0x5C,0x16,0x5C,0x16,0x5C,0x54,0x43,0xF5,0x5B,0xAE,0x6B,0x82,0x10,
  0x82,0x08,0x42,0x08,0xEF,0x4A,0x95,0x43,0x35,0x5C,0x16,0x5C,0x16,0x5C,0x16,0x5C,0xF8,0x74,0x17,0x85,0x66,0x29,0x42,0x08,
  0x82,0x08,0x62,0x08,0x62,0x08,0x42,0x08,0x62,0x08,0xA3,0x10,0x82,0x08,0x41,0x08,0x42,0x08,0x42,0x08,0x42,0x08,0x82,0x10,
  0x62,0x08,0x2F,0x6C,0xDA,0x95,0x58,0x85,0x78,0x8D,0x59,0x8D,0xB8,0x95,0x29,0x42,0x42,0x08,0x82,0x08,0x62,0x08,0x62,0x08,
  0x62,0x08,0x62,0x08,0x62,0x08,0x83,0x10,0x62,0x08,0x42,0x08,0x62,0x08,0x62,0x08,0x62,0x10,0x51,0x4B,0x55,0x33,0xF4,0x32,
  0x95,0x4B,0xC7,0x31,0x62,0x08,0x62,0x08,0x62,0x08,0x62,0x08,0x62,0x08,0x62,0x08,0x62,0x08,0x21,0x08,0x0C,0x53,0xB9,0x95,
  0x58,0x85,0x58,0x85,0x58,0x85,0x9A,0x95,0xAE,0x63,0x62,0x08,0xA3,0x10,0x62,0x08,0x62,0x08,0x62,0x08,0x62,0x08,0x62,0x08,
  0x62,0x08,0x62,0x08,0x42,0x08,0x62,0x08,0x62,0x08,0x62,0x08,0x21,0x00,0x88,0x31,0x58,0x85,0xB7,0x74,0x56,0x5C,0x56,0x5C,
  0x56,0x5C,0xF5,0x5B,0x13,0x33,0x77,0x6C,0x5C,0xAE,0x0C,0x53,0x82,0x08,0x41,0x08,0xA8,0x31,0x75,0x43,0xD5,0x4B,0x56,0x5C,
  0x56,0x5C,0x16,0x54,0xB7,0x6C,0x59,0x85,0x2E,0x5B,0x62,0x08,0xC3,0x18,0xA3,0x10,0x62,0x08,0x62,0x08,0x62,0x08,0x62,0x08,
  0x62,0x08,0x42,0x08,0x62,0x08,0x62,0x08,0x62,0x08,0x62,0x08,0x62,0x08,0xA3,0x10,0x91,0x74,0x9A,0x95,0x18,0x85,0x58,0x8D,
  0x79,0x85,0x78,0x8D,0xAA,0x4A,0x62,0x10,0x83,0x10,0x83,0x10,0x62,0x08,0x62,0x08,0x62,0x08,0x62,0x08,0x62,0x08,0x62,0x08,
  0x62,0x08,0x62,0x08,0x62,0x10,0xCE,0x4A,0x14,0x3B,0xF4,0x32,0x52,0x4B,0xC4,0x18,0x83,0x10,0x62,0x08,0x62,0x08,0x62,0x08,
  0xC3,0x10,0xA3,0x10,0x62,0x10,0x0D,0x53,0x79,0x8D,0x58,0x85,0x58,0x85,0x58,0x85,0x9A,0x95,0xCE,0x63,0x62,0x08,0x62,0x08,
  0x82,0x10,0x62,0x08,0x62,0x08,0x62,0x08,0x62,0x08,0x62,0x08,0x62,0x08,0x42,0x08,0x62,0x08,0x62,0x08,0x62,0x08,0x83,0x10,
  0x42,0x08,0xD1,0x6B,0x39,0x85,0x76,0x64,0xF5,0x53,0x56,0x5C,0x56,0x5C,0xF5,0x53,0x14,0x3B,0x18,0x85,0x9A,0x95,0x6F,0x63,
  0x62,0x08,0x62,0x08,0xA3,0x18,0x11,0x43,0xD5,0x4B,0x56,0x5C,0x56,0x5C,0xF5,0x53,0x36,0x64,0xB8,0x74,0xD6,0x84,0x05,0x21,
  0x82,0x08,0xC3,0x10,0x62,0x08,0x62,0x08,0x62,0x08,0x62,0x08,0x62,0x08,0x62,0x08,0x62,0x08,0x62,0x08,0x62,0x08,0x62,0x08,
  0x82,0x10,0x83,0x10,0x83,0x10,0x71,0x74,0xDA,0x95,0x18,0x85,0x18,0x85,0x58,0x85,0x59,0x8D,0x0D,0x53,0x21,0x08,0x82,0x08,
  0x62,0x08,0x42,0x08,0x62,0x08,0x62,0x08,0x62,0x08,0x42,0x08,0x62,0x08,0x62,0x08,0x42,0x08,0x8C,0x4A,0x14,0x3B,0xF4,0x32,
  0xEF,0x4A,0x42,0x10,0x82,0x08,0x62,0x08,0x42,0x08,0x62,0x08,0xA3,0x10,0xA3,0x10,0x30,0x6C,0xBA,0x8D,0x38,0x7D,0x18,0x85,
  0x18,0x7D,0xDA,0x95,0xCE,0x63,0x41,0x08,0x83,0x10,0x82,0x10,0x62,0x08,0x62,0x08,0x62,0x08,0x62,0x08,0x62,0x08,0x62,0x08,
  0x62,0x08,0x42,0x08,0x62,0x08,0x62,0x08,0xA3,0x10,0x62,0x08,0x86,0x29,0xF7,0x84,0xF8,0x74,0x56,0x5C,0xF5,0x53,0xF5,0x53,
  0x56,0x5C,0x54,0x3B,0xD5,0x53,0x18,0x85,0x59,0x8D,0xEB,0x4A,0x62,0x08,0x62,0x08,0x42,0x08,0x0B,0x3A,0x95,0x43,0xF5,0x53,
  0x16,0x54,0xF5,0x53,0xF5,0x53,0x56,0x6C,0x59,0x85,0x2E,0x5B,0x21,0x00,0xC3,0x10,0x62,0x08,0x62,0x08,0x62,0x08,0x62,0x08,
  0x62,0x08,0x62,0x08,0x62,0x08,0x62,0x08,0x62,0x08,0x62,0x08,0x62,0x08,0x62,0x08,0x82,0x08,0xA3,0x10,0x50,0x74,0x79,0x8D,
  0x18,0x85,0x18,0x85,0xF8,0x7C,0x79,0x8D,0x6F,0x63,0x62,0x10,0x41,0x00,0x62,0x08,0x42,0x08,0x82,0x08,0x62,0x08,0x62,0x08,
  0x62,0x08,0x62,0x08,0x41,0x08,0xC7,0x31,0x95,0x4B,0x76,0x43,0x2A,0x3A,0x41,0x08,0xA3,0x10,0x62,0x08,0x62,0x08,0x21,0x00,
  0xC3,0x18,0xB1,0x7C,0x79,0x8D,0x38,0x7D,0x18,0x85,0xF8,0x7C,0x79,0x8D,0xAE,0x63,0x42,0x08,0xA3,0x10,0x82,0x08,0x62,0x08,
  0x62,0x08,0x62,0x08,0x62,0x08,0x62,0x08,0x62,0x08,0x62,0x08,0x62,0x08,0x42,0x08,0x62,0x08,0x62,0x08,0xC3,0x10,0x42,0x08,
  0x30,0x6C,0x59,0x85,0xB7,0x6C,0xF5,0x53,0xF5,0x53,0xF5,0x53,0xF5,0x53,0xD3,0x32,0x36,0x64,0xD7,0x74,0xD6,0x84,0x66,0x29,
  0x62,0x08,0x62,0x08,0x82,0x08,0x45,0x29,0x53,0x4B,0x75,0x43,0xF5,0x53,0xF5,0x53,0xF5,0x53,0x16,0x5C,0xF8,0x7C,0x17,0x8D,
  0x45,0x29,0x41,0x08,0x82,0x08,0x62,0x08,0x62,0x08,0x62,0x08,0x62,0x08,0x62,0x08,0x62,0x08,0x62,0x08,0x62,0x08,0x62,0x08,
  0x62,0x08,0x62,0x08,0x82,0x08,0x62,0x08,0xA3,0x10,0x0F,0x6C,0xBA,0x8D,0x38,0x7D,0x18,0x85,0x38,0x7D,0xBA,0x8D,0x32,0x74,
  0xC4,0x18,0x42,0x08,0xA3,0x10,0x42,0x08,0x62,0x08,0x62,0x08,0x62,0x08,0x62,0x08,0x82,0x08,0x83,0x10,0x4A,0x42,0xAC,0x4A,
  0xA3,0x10,0x62,0x08,0x62,0x08,0xA3,0x10,0x41,0x08,0x05,0x21,0x54,0x7C,0xBA,0x8D,0x38,0x7D,0x18,0x85,0x58,0x7D,0x59,0x8D,
  0x6D,0x5B,0x62,0x10,0xA3,0x10,0x83,0x10,0x62,0x08,0x62,0x08,0x62,0x08,0x62,0x08,0x62,0x08,0x62,0x08,0x62,0x08,0x62,0x08,
  0x42,0x08,0x62,0x08,0x62,0x08,0x82,0x10,0x42,0x08,0xC7,0x31,0x78,0x8D,0xF8,0x7C,0x56,0x5C,0xF5,0x53,0xF5,0x53,0x56,0x5C,
  0x95,0x4B,0x54,0x43,0x36,0x64,0xF8,0x74,0x90,0x63,0x62,0x10,0x62,0x08,0x62,0x08,0x82,0x08,0x42,0x08,0xAD,0x4A,0x35,0x3B,
  0x35,0x5C,0xF5,0x53,0xF5,0x53,0xF5,0x53,0x77,0x6C,0x79,0x8D,0xD1,0x6B,0x42,0x08,0x82,0x08,0x62,0x08,0x62,0x08,0x62,0x08,
  0x62,0x08,0x62,0x08,0x62,0x08,0x62,0x08,0x62,0x08,0x62,0x08,0x62,0x08,0x62,0x08,0x62,0x08,0x62,0x08,0x83,0x10,0x62,0x08,
  0x2E,0x5B,0xB9,0x95,0x58,0x7D,0x18,0x85,0x38,0x7D,0x59,0x85,0xB5,0x7C,0xC7,0x31,0x42,0x08,0x62,0x08,0x62,0x08,0x62,0x08,
  0x62,0x08,0x62,0x08,0x82,0x10,0xA3,0x10,0x83,0x10,0x62,0x10,0x62,0x08,0x62,0x08,0x62,0x08,0x62,0x08,0x08,0x3A,0xF6,0x84,
  0x59,0x85,0x58,0x85,0x18,0x85,0x58,0x85,0x99,0x95,0xEB,0x52,0x42,0x08,0x83,0x10,0x83,0x10,0x82,0x10,0x62,0x08,0x62,0x08,
  0x62,0x08,0x62,0x08,0x62,0x08,0x62,0x08,0x62,0x08,0x42,0x08,0x62,0x08,0x62,0x08,0x62,0x08,0x62,0x08,0xA3,0x10,0x53,0x74,
  0x39,0x85,0xB7,0x6C,0xF5,0x53,0xF5,0x53,0xF5,0x53,0x16,0x5C,0x14,0x3B,0xD5,0x53,0x36,0x64,0xB7,0x74,0xA7,0x31,0x42,0x08,
  0x62,0x08,0x62,0x08,0x62,0x08,0x62,0x08,0x46,0x29,0x53,0x4B,0x95,0x4B,0x35,0x5C,0xF5,0x53,0xF5,0x53,0x56,0x5C,0xF8,0x7C,
  0x79,0x8D,0x6A,0x42,0x01,0x00,0x82,0x08,0x62,0x08,0x62,0x08,0x62,0x08,0x62,0x08,0x62,0x08,0x62,0x08,0x62,0x08,0x62,0x08,
  0x62,0x08,0x62,0x08,0x62,0x08,0x62,0x08,0x62,0x08,0x83,0x10,0x42,0x08,0xEB,0x52,0x59,0x8D,0x58,0x85,0x38,0x7D,0x17,0x7D,
  0x79,0x85,0x58,0x8D,0x8A,0x42,0x01,0x00,0x82,0x08,0x82,0x10,0x42,0x08,0x62,0x08,0x62,0x08,0xA3,0x10,0xA3,0x10,0x83,0x10,
  0x82,0x08,0x42,0x08,0x01,0x00,0x2C,0x53,0x78,0x8D,0x39,0x7D,0x38,0x7D,0x38,0x7D,0x79,0x85,0x58,0x8D,0x29,0x42,0x42,0x08,
  0x83,0x10,0x62,0x08,0x62,0x08,0x62,0x08,0x62,0x08,0x62,0x08,0x62,0x08,0x62,0x08,0x62,0x08,0x62,0x08,0x62,0x08,0x42,0x08,
  0x42,0x08,0x42,0x08,0x62,0x08,0x21,0x00,0x0D,0x53,0x79,0x8D,0xD7,0x74,0xF5,0x53,0xF5,0x53,0xF5,0x53,0x16,0x5C,0xD5,0x53,
  0x14,0x3B,0xD5,0x53,0x57,0x5C,0x50,0x5B,0x21,0x08,0x62,0x08,0x42,0x08,0x62,0x08,0x62,0x08,0x62,0x08,0x21,0x08,0xCD,0x4A,
  0x75,0x3B,0xF5,0x53,0xF5,0x53,0xF5,0x53,0x95,0x4B,0x96,0x6C,0x39,0x85,0xF6,0x84,0x04,0x21,0x62,0x08,0x62,0x08,0x62,0x08,
  0x62,0x08,0x42,0x08,0x42,0x08,0x42,0x08,0x42,0x08,0x42,0x08,0x42,0x08,0x42,0x08,0x42,0x08,0x42,0x08,0x42,0x08,0x62,0x08,
  0x82,0x08,0x21,0x08,0x6A,0x42,0x78,0x8D,0x79,0x85,0x17,0x7D,0xD7,0x7C,0x58,0x85,0x59,0x8D,0x8D,0x5B,0x83,0x10,0x82,0x08,
  0xA3,0x10,0x83,0x10,0x83,0x10,0xA3,0x10,0xA3,0x10,0xA3,0x10,0x41,0x00,0x83,0x10,0x6F,0x63,0x79,0x8D,0x58,0x7D,0x38,0x7D,
  0x17,0x7D,0x59,0x85,0xD6,0x84,0xC7,0x31,0x01,0x00,0x83,0x10,0x62,0x08,0x42,0x08,0x42,0x08,0x41,0x08,0x42,0x08,0x42,0x08,
  0x42,0x08,0x42,0x08,0x42,0x08,0x42,0x08,0x62,0x08,0x42,0x08,0x42,0x08,0x62,0x08,0x41,0x00,0x86,0x29,0x58,0x8D,0x18,0x7D,
  0x16,0x5C,0x95,0x4B,0xF5,0x53,0xF5,0x53,0x16,0x5C,0x14,0x3B,0x14,0x3B,0x75,0x43,0xF5,0x5B,0x47,0x29,0x21,0x00,0x62,0x08,
  0x62,0x08,0x42,0x08,0x42,0x08,0x42,0x08,0x42,0x08,0x04,0x21,0x52,0x4B,0x95,0x43,0x56,0x5C,0xF5,0x53,0xF5,0x53,0xF5,0x53,
  0x17,0x7D,0x9A,0x95,0x91,0x74,0x62,0x10,0x82,0x08,0x62,0x08,0x62,0x08,0x62,0x08,0x62,0x08,0x62,0x08,0x62,0x08,0x62,0x08,
  0x62,0x08,0x42,0x08,0x42,0x08,0x62,0x08,0x62,0x08,0x62,0x08,0x62,0x08,0x62,0x08,0x01,0x00,0xC7,0x31,0xD5,0x84,0x59,0x85,
  0x38,0x7D,0x38,0x7D,0x38,0x7D,0x79,0x8D,0x32,0x74,0x05,0x21,0x42,0x08,0xC4,0x18,0xC4,0x18,0xC3,0x10,0xC3,0x10,0x42,0x08,
  0xA7,0x31,0x94,0x7C,0x79,0x8D,0x38,0x7D,0x18,0x85,0x38,0x7D,0x59,0x85,0x53,0x7C,0x05,0x21,0x21,0x00,0x82,0x08,0x62,0x08,
  0x62,0x08,0x62,0x08,0x62,0x08,0x62,0x08,0x62,0x08,0x42,0x08,0x42,0x08,0x62,0x08,0x62,0x08,0x62,0x08,0x62,0x08,0x42,0x08,
  0x62,0x08,0x62,0x08,0xA3,0x10,0xB4,0x84,0x59,0x85,0xB7,0x74,0xD5,0x4B,0xD5,0x53,0x95,0x4B,0x16,0x5C,0x74,0x4B,0xD3,0x32,
  0x14,0x3B,0x95,0x43,0xCE,0x4A,0x62,0x10,0x82,0x08,0x41,0x08,0x62,0x08,0x62,0x08,0x42,0x08,0x62,0x08,0x62,0x08,0x41,0x08,
  0xE9,0x39,0x75,0x43,0xF5,0x53,0xF5,0x53,0xD5,0x4B,0xD5,0x4B,0x16,0x5C,0x18,0x85,0x9A,0x95,0xEE,0x5A,0x41,0x08,0xC3,0x18,
  0xA3,0x10,0xA3,0x10,0x82,0x08,0x42,0x08,0x62,0x08,0x62,0x08,0x62,0x08,0x42,0x08,0x62,0x08,0x62,0x08,0x62,0x08,0x62,0x08,
  0x62,0x08,0x42,0x08,0x82,0x08,0x21,0x00,0xC4,0x18,0x91,0x74,0x79,0x8D,0x38,0x7D,0x38,0x7D,0x17,0x7D,0x79,0x85,0xD6,0x84,
  0xCB,0x4A,0x62,0x10,0x83,0x10,0x62,0x08,0x83,0x10,0x6D,0x5B,0x58,0x8D,0x79,0x85,0x17,0x7D,0xD7,0x7C,0x18,0x7D,0xB9,0x95,
  0x6F,0x63,0x82,0x10,0x62,0x08,0xA3,0x10,0x62,0x08,0x62,0x08,0x62,0x08,0x62,0x08,0x62,0x08,0x62,0x08,0x62,0x08,0x42,0x08,
  0x42,0x08,0x62,0x08,0x62,0x08,0x62,0x08,0x62,0x08,0x42,0x08,0x82,0x08,0x42,0x08,0x30,0x6C,0xDA,0x95,0x18,0x85,0xF5,0x53,
  0x95,0x4B,0x95,0x4B,0xF5,0x53,0x35,0x5C,0x13,0x33,0xD3,0x32,0x93,0x2A,0x74,0x4B,0x66,0x29,0x82,0x08,0x62,0x08,0x42,0x08,
  0x62,0x08,0x42,0x08,0x42,0x08,0x42,0x08,0x42,0x08,0xA3,0x10,0xA3,0x18,0x0F,0x53,0xD5,0x4B,0x16,0x5C,0xD5,0x4B,0xF5,0x53,
  0x95,0x4B,0x76,0x64,0x79,0x85,0xB9,0x95,0xCB,0x4A,0x41,0x08,0xA3,0x10,0x62,0x08,0x42,0x08,0x42,0x08,0x42,0x08,0x42,0x08,
  0x42,0x08,0x42,0x08,0x62,0x08,0x62,0x08,0x62,0x08,0x62,0x08,0x62,0x08,0x62,0x08,0x62,0x08,0x82,0x08,0x42,0x08,0x42,0x08,
  0x8D,0x5B,0x78,0x8D,0x18,0x7D,0x17,0x7D,0x17,0x7D,0x38,0x7D,0x59,0x8D,0x6F,0x63,0xC4,0x18,0x05,0x21,0x91,0x74,0x79,0x8D,
  0x38,0x7D,0x17,0x7D,0x17,0x7D,0x18,0x7D,0x58,0x8D,0xCB,0x4A,0x21,0x08,0x62,0x08,0x82,0x08,0x62,0x08,0x62,0x08,0x62,0x08,
  0x62,0x08,0x62,0x08,0x62,0x08,0x62,0x08,0x62,0x08,0x42,0x08,0x42,0x08,0x42,0x08,0x62,0x08,0x62,0x08,0x82,0x10,0x83,0x10,
  0x42,0x08,0x4D,0x5B,0x9A,0x95,0x58,0x85,0x16,0x5C,0x75,0x43,0xD5,0x4B,0xD5,0x4B,0x76,0x64,0x14,0x3B,0x93,0x32,0x73,0x2A,
  0x15,0x33,0x0F,0x53,0x83,0x10,0xC3,0x10,0x62,0x08,0x62,0x08,0x42,0x08,0x42,0x08,0x42,0x08,0x42,0x08,0x62,0x08,0x82,0x10,
  0x62,0x08,0x25,0x29,0x53,0x4B,0xD5,0x4B,0x16,0x5C,0x95,0x4B,0xD5,0x4B,0x95,0x4B,0xB7,0x6C,0x59,0x8D,0x99,0x95,0xC9,0x39,
  0x21,0x00,0x82,0x08,0x42,0x08,0x42,0x08,0x42,0x08,0x42,0x08,0x42,0x08,0x42,0x08,0x42,0x08,0x62,0x08,0x42,0x08,0x42,0x08,
  0x42,0x08,0x62,0x08,0x62,0x08,0x62,0x08,0x62,0x08,0x62,0x08,0x21,0x00,0xC9,0x39,0x17,0x85,0x39,0x85,0x17,0x7D,0x37,0x85,
  0x17,0x7D,0x59,0x85,0x75,0x7C,0x16,0x85,0x59,0x85,0x17,0x7D,0x17,0x7D,0xD7,0x74,0x39,0x85,0x95,0x7C,0xA7,0x31,0x21,0x00,
  0x82,0x08,0x62,0x08,0x62,0x08,0x42,0x08,0x42,0x08,0x42,0x08,0x42,0x08,0x42,0x08,0x42,0x08,0x42,0x08,0x42,0x08,0x42,0x08,
  0x42,0x08,0x42,0x08,0x42,0x08,0x62,0x08,0x82,0x08,0x21,0x00,0xCB,0x52,0xB9,0x95,0x58,0x85,0x36,0x64,0xD5,0x4B,0xD5,0x4B,
  0xD5,0x4B,0x76,0x64,0xD5,0x4B,0x74,0x4B,0x34,0x43,0x35,0x3B,0x92,0x5B,0x05,0x21,0x82,0x08,0x82,0x08,0x62,0x08,0x42,0x08,
  0x62,0x08,0x42,0x08,0x42,0x08,0x42,0x08,0x62,0x08,0x62,0x08,0x83,0x10,0x21,0x08,0x8A,0x42,0x75,0x43,0x35,0x5C,0xF5,0x53,
  0x95,0x4B,0x95,0x4B,0x95,0x4B,0xB7,0x74,0x79,0x8D,0xB9,0x9D,0x08,0x3A,0x01,0x00,0x82,0x10,0x42,0x08,0x62,0x08,0x42,0x08,
  0x42,0x08,0x62,0x08,0x62,0x08,0x62,0x08,0x62,0x08,0x62,0x08,0x62,0x08,0x62,0x08,0x62,0x08,0x62,0x08,0x62,0x08,0x62,0x08,
  0x82,0x08,0x21,0x08,0x05,0x21,0x91,0x74,0x39,0x85,0x38,0x7D,0x17,0x7D,0x17,0x7D,0x18,0x7D,0x18,0x7D,0x17,0x7D,0x17,0x7D,
  0x18,0x7D,0x59,0x8D,0x90,0x63,0x05,0x21,0x82,0x10,0xA3,0x10,0x62,0x08,0x62,0x08,0x62,0x08,0x62,0x08,0x42,0x08,0x62,0x08,
  0x42,0x08,0x42,0x08,0x42,0x08,0x42,0x08,0x42,0x08,0x42,0x08,0x62,0x08,0x62,0x08,0x62,0x08,0xA3,0x10,0x21,0x00,0xAB,0x4A,
  0xB9,0x95,0x79,0x85,0x76,0x64,0x74,0x43,0x95,0x4B,0x75,0x43,0x56,0x5C,0x16,0x54,0x74,0x4B,0xAB,0x4A,0xA8,0x31,0xE9,0x39,
  0xC4,0x18,0x62,0x08,0x62,0x08,0x62,0x08,0x62,0x08,0x62,0x08,0x42,0x08,0x42,0x08,0x62,0x08,0x62,0x08,0x62,0x08,0x62,0x08,
  0x62,0x08,0x82,0x08,0x82,0x10,0x51,0x53,0x14,0x3B,0x36,0x64,0xD5,0x53,0xD5,0x4B,0x95,0x4B,0x95,0x4B,0xD7,0x7C,0xDA,0x95,
  0xD8,0x9D,0x29,0x42,0x01,0x00,0x82,0x08,0x82,0x10,0x62,0x08,0x42,0x08,0x62,0x08,0x62,0x08,0x62,0x08,0x62,0x08,0x62,0x08,
  0x62,0x08,0x42,0x08,0x42,0x08,0x62,0x08,0x62,0x08,0x42,0x08,0x42,0x08,0x62,0x08,0x41,0x08,0x42,0x08,0x0C,0x53,0x58,0x8D,
  0x39,0x85,0x17,0x7D,0x17,0x7D,0x17,0x7D,0x17,0x7D,0x39,0x85,0xD6,0x84,0x69,0x42,0x42,0x08,0x62,0x08,0x82,0x08,0x82,0x08,
  0x62,0x08,0x62,0x08,0x62,0x08,0x42,0x08,0x42,0x08,0x62,0x08,0x42,0x08,0x42,0x08,0x42,0x08,0x62,0x08,0x42,0x08,0x42,0x08,
  0x62,0x08,0x62,0x08,0x83,0x10,0x21,0x00,0xCB,0x52,0x99,0x95,0x79,0x8D,0x77,0x6C,0x74,0x43,0x95,0x4B,0x74,0x4B,0xD5,0x53,
  0x36,0x64,0x75,0x43,0xEE,0x52,0x41,0x08,0x21,0x00,0x21,0x00,0x62,0x08,0x62,0x08,0x42,0x08,0x62,0x08,0x62,0x08,0x42,0x08,
  0x62,0x08,0x62,0x08,0x62,0x08,0x62,0x08,0x62,0x08,0x62,0x08,0x62,0x08,0x62,0x08,0x42,0x08,0xC7,0x31,0x94,0x53,0x14,0x3B,
  0x76,0x64,0x95,0x4B,0x95,0x4B,0x95,0x4B,0xD5,0x4B,0x17,0x7D,0xDA,0x95,0xB9,0x95,0xCB,0x4A,0x21,0x08,0x83,0x10,0x83,0x10,
  0x62,0x08,0x62,0x08,0x62,0x08,0x62,0x08,0x62,0x08,0x62,0x08,0x62,0x08,0x42,0x08,0x62,0x08,0x62,0x08,0x42,0x08,0x42,0x08,
  0x42,0x08,0x62,0x08,0x62,0x08,0x62,0x08,0x21,0x08,0x66,0x29,0x13,0x74,0x59,0x85,0x17,0x7D,0xB8,0x74,0x39,0x85,0xD1,0x6B,
  0x05,0x21,0x42,0x08,0x83,0x10,0x62,0x08,0x42,0x08,0x62,0x08,0x62,0x08,0x62,0x08,0x42,0x08,0x42,0x08,0x62,0x08,0x62,0x08,
  0x62,0x08,0x62,0x08,0x62,0x08,0x42,0x08,0x62,0x08,0x62,0x08,0xA3,0x10,0x82,0x08,0x42,0x08,0x0C,0x53,0x1A,0x9E,0xB9,0x95,
  0xB7,0x74,0xB5,0x43,0x75,0x43,0x74,0x4B,0x95,0x4B,0x76,0x64,0xD3,0x32,0xD4,0x5B,0x66,0x31,0x41,0x00,0x62,0x08,0x62,0x08,
  0x62,0x08,0x42,0x08,0x62,0x08,0x62,0x08,0x62,0x08,0x62,0x08,0x62,0x08,0x62,0x08,0x62,0x08,0x62,0x08,0x62,0x08,0x62,0x08,
  0x62,0x08,0x62,0x08,0x83,0x10,0x62,0x10,0x6F,0x63,0x75,0x43,0x74,0x43,0x76,0x64,0xD5,0x4B,0x95,0x4B,0x75,0x43,0x74,0x4B,
  0xD7,0x74,0x79,0x8D,0xDA,0x9D,0xAE,0x63,0xA3,0x10,0x42,0x08,0x62,0x08,0x62,0x08,0x62,0x08,0x62,0x08,0x62,0x08,0x62,0x08,
  0x62,0x08,0x62,0x08,0x62,0x08,0x42,0x08,0x42,0x08,0x42,0x08,0x42,0x08,0x62,0x08,0x62,0x08,0x62,0x08,0x82,0x08,0x41,0x08,
  0xA3,0x10,0x2C,0x53,0x17,0x8D,0xD6,0x84,0x8A,0x42,0x83,0x10,0x83,0x10,0xC3,0x10,0x62,0x08,0x62,0x08,0x62,0x08,0x42,0x08,
  0x42,0x08,0x42,0x08,0x42,0x08,0x62,0x08,0x62,0x08,0x62,0x08,0x62,0x08,0x62,0x08,0x62,0x08,0x62,0x08,0x62,0x08,0x62,0x08,
  0x62,0x08,0xC4,0x18,0x30,0x6C,0xFA,0x9D,0x59,0x8D,0x77,0x6C,0x74,0x43,0x75,0x43,0x75,0x43,0xD5,0x4B,0x76,0x64,0x14,0x3B,
  0xD5,0x4B,0x6D,0x5B,0x62,0x08,0xA3,0x10,0x42,0x08,0x42,0x08,0x62,0x08,0x42,0x08,0x62,0x08,0x62,0x08,0x42,0x08,0x62,0x08,
  0x62,0x08,0x62,0x08,0x83,0x10,0x62,0x08,0x82,0x10,0x62,0x08,0x62,0x08,0x62,0x08,0x62,0x08,0x62,0x08,0x05,0x21,0x55,0x6C,
  0x14,0x3B,0x95,0x4B,0x76,0x64,0x74,0x43,0x34,0x43,0x34,0x43,0x74,0x43,0x77,0x6C,0xB9,0x95,0xDB,0x9D,0x53,0x7C,0x05,0x21,
  0x41,0x08,0x83,0x10,0x82,0x10,0x62,0x08,0x62,0x08,0x62,0x08,0x62,0x08,0x62,0x08,0x62,0x08,0x82,0x10,0x62,0x08,0x62,0x08,
  0x62,0x08,0x62,0x08,0x62,0x08,0x62,0x08,0x62,0x08,0x82,0x10,0x62,0x08,0x21,0x00,0x66,0x29,0x05,0x21,0x21,0x00,0x82,0x08,
  0x82,0x08,0x62,0x08,0x62,0x08,0x62,0x08,0x62,0x08,0x42,0x08,0x42,0x08,0x62,0x08,0x62,0x08,0x62,0x08,0x42,0x08,0x62,0x08,
  0x83,0x10,0x82,0x08,0x62,0x08,0x83,0x10,0x62,0x08,0x21,0x00,0x45,0x29,0xD5,0x8C,0xDB,0x9D,0x59,0x8D,0x76,0x64,0x74,0x43,
  0x75,0x43,0x34,0x43,0x95,0x4B,0xB7,0x6C,0x74,0x43,0x14,0x3B,0xF4,0x6B,0xC4,0x18,0x62,0x08,0x62,0x08,0x62,0x08,0x42,0x08,
  0x62,0x08,0x62,0x08,0x62,0x08,0x62,0x08,0x62,0x08,0x62,0x08,0x42,0x08,0x82,0x08,0x83,0x10,0x62,0x08,0x83,0x10,0x62,0x08,
  0x42,0x08,0x42,0x08,0x42,0x08,0x62,0x08,0x01,0x00,0xCD,0x4A,0x57,0x64,0xB3,0x2A,0x95,0x4B,0x36,0x64,0x74,0x43,0x34,0x43,
  0x75,0x43,0x74,0x43,0x76,0x64,0x59,0x8D,0x1B,0xA6,0x78,0x95,0xCB,0x4A,0x42,0x08,0x62,0x08,0xC3,0x10,0xA3,0x10,0x83,0x10,
  0x62,0x08,0x42,0x08,0x82,0x10,0xA3,0x10,0x62,0x08,0x62,0x08,0x62,0x08,0x62,0x08,0x62,0x08,0x42,0x08,0x62,0x08,0x42,0x08,
  0x62,0x08,0x82,0x08,0x21,0x00,0x41,0x00,0x62,0x08,0x62,0x08,0x62,0x08,0x62,0x08,0x62,0x08,0x42,0x08,0x62,0x08,0x42,0x08,
  0x42,0x08,0x62,0x08,0x62,0x08,0x62,0x08,0x62,0x08,0x62,0x08,0xA3,0x10,0xA3,0x10,0x83,0x10,0x62,0x08,0x62,0x08,0x0C,0x53,
  0x98,0x9D,0x1B,0x9E,0x38,0x8D,0x56,0x5C,0x74,0x43,0x34,0x43,0x34,0x43,0xD5,0x4B,0xB7,0x6C,0x95,0x4B,0xD3,0x32,0x57,0x64,
  0xEB,0x4A,0x01,0x00,0x62,0x08,0x62,0x08,0x62,0x08,0x62,0x08,0x62,0x08,0x62,0x08,0x62,0x08,0x62,0x08,0x62,0x08,0x62,0x08,
  0x62,0x08,0x62,0x08,0x83,0x10,0x62,0x08,0x83,0x10,0x62,0x08,0x42,0x08,0x42,0x08,0x42,0x08,0x62,0x08,0x42,0x08,0x05,0x21,
  0x55,0x6C,0x74,0x43,0xB3,0x2A,0x74,0x4B,0x76,0x64,0x95,0x4B,0x74,0x43,0x75,0x43,0x54,0x3B,0xF5,0x53,0x18,0x85,0xDA,0x95,
  0xDB,0x9D,0x32,0x74,0xC7,0x31,0x42,0x08,0x42,0x08,0x83,0x10,0x62,0x08,0x42,0x08,0x62,0x08,0xA3,0x10,0x62,0x08,0x62,0x08,
  0x42,0x08,0x62,0x08,0x42,0x08,0x62,0x08,0x62,0x08,0x62,0x08,0x62,0x08,0x62,0x08,0x62,0x08,0x62,0x08,0x62,0x08,0x62,0x08,
  0xA3,0x10,0xA3,0x10,0x83,0x10,0x62,0x08,0x62,0x08,0x62,0x08,0x42,0x08,0x42,0x08,0x62,0x08,0x62,0x08,0x62,0x08,0x62,0x08,
  0xA3,0x10,0x62,0x08,0x62,0x08,0xE8,0x39,0x54,0x7C,0x1B,0xA6,0xDA,0x9D,0xD7,0x7C,0x95,0x4B,0x54,0x3B,0x34,0x43,0x54,0x3B,
  0xD5,0x4B,0x77,0x6C,0x74,0x4B,0xB3,0x2A,0xD5,0x4B,0x34,0x6C,0xC4,0x18,0x41,0x00,0x62,0x08,0x62,0x08,0x42,0x08,0x42,0x08,
  0x62,0x08,0x62,0x08,0x62,0x08,0x62,0x08,0x62,0x08,0x62,0x08,0x62,0x08,0x62,0x08,0x62,0x08,0x62,0x08,0x62,0x08,0x62,0x08,
  0x62,0x08,0x42,0x08,0x42,0x08,0x42,0x08,0x82,0x08,0x42,0x08,0xED,0x52,0x36,0x5C,0xD3,0x32,0xF3,0x2A,0x74,0x43,0xB7,0x6C,
  0xF5,0x53,0x54,0x3B,0x34,0x43,0x54,0x3B,0x54,0x3B,0x76,0x64,0x59,0x8D,0x1B,0x9E,0xD9,0x9D,0x0F,0x6C,0x05,0x21,0x21,0x00,
  0x41,0x00,0xA3,0x10,0xC3,0x18,0xC3,0x10,0x62,0x08,0x42,0x08,0x62,0x08,0x42,0x08,0x62,0x08,0x62,0x08,0x62,0x08,0x62,0x08,
  0x82,0x10,0x62,0x08,0x62,0x08,0x83,0x10,0x62,0x08,0x62,0x08,0x62,0x08,0x82,0x08,0x62,0x08,0x62,0x08,0x42,0x08,0x42,0x08,
  0x42,0x08,0x62,0x08,0xA3,0x10,0x83,0x10,0x82,0x08,0x62,0x08,0x42,0x08,0x66,0x29,0x50,0x74,0xDA,0x9D,0xDB,0x9D,0x59,0x8D,
  0x36,0x64,0x14,0x3B,0x34,0x43,0x34,0x43,0x14,0x3B,0x56,0x5C,0xD7,0x74,0x74,0x43,0x93,0x2A,0xD3,0x32,0x97,0x64,0x6B,0x42,
  0x42,0x08,0x62,0x08,0x62,0x08,0x62,0x08,0x62,0x08,0x42,0x08,0x62,0x08,0x62,0x08,0x62,0x08,0x62,0x08,0x62,0x08,0x62,0x08,
  0x62,0x08,0x42,0x08,0x42,0x08,0x62,0x08,0x42,0x08,0x62,0x08,0x42,0x08,0x42,0x08,0x62,0x08,0x62,0x08,0x62,0x08,0x42,0x08,
  0x66,0x29,0x15,0x64,0x54,0x3B,0x14,0x3B,0xF4,0x32,0x54,0x3B,0x57,0x64,0x16,0x5C,0x14,0x3B,0xD4,0x3A,0x34,0x43,0x14,0x3B,
  0x95,0x4B,0xD7,0x74,0x9A,0x95,0x5C,0xA6,0xB9,0x9D,0x0F,0x6C,0xA7,0x31,0x42,0x08,0x42,0x08,0x82,0x08,0xA3,0x10,0x83,0x10,
  0x62,0x08,0x62,0x08,0x42,0x08,0x62,0x08,0x62,0x08,0x62,0x08,0x82,0x08,0x42,0x08,0x62,0x08,0xA3,0x10,0x62,0x08,0x42,0x08,
  0x42,0x08,0x62,0x08,0x62,0x08,0x62,0x08,0x62,0x08,0x62,0x08,0x62,0x08,0x82,0x10,0x83,0x10,0x42,0x08,0x21,0x08,0xC7,0x31,
  0x70,0x74,0xD9,0x9D,0x3B,0xA6,0x9A,0x95,0x77,0x6C,0x74,0x43,0xF4,0x32,0x54,0x3B,0x14,0x3B,0x54,0x3B,0x97,0x64,0x77,0x6C,
  0x14,0x3B,0xF4,0x32,0xF4,0x32,0x95,0x43,0x34,0x6C,0xE4,0x20,0x62,0x08,0x62,0x08,0x62,0x08,0x62,0x08,0x62,0x08,0x62,0x08,
  0x42,0x08,0x62,0x08,0x42,0x08,0x62,0x08,0x42,0x08,0x42,0x08,0x42,0x08,0x42,0x08,0x42,0x08,0x62,0x08,0x42,0x08,0x42,0x08,
  0x42,0x08,0x62,0x08,0x62,0x08,0x62,0x08,0x62,0x08,0x83,0x08,0x42,0x08,0x6F,0x5B,0x16,0x54,0x14,0x3B,0x54,0x3B,0xF4,0x32,
  0xF4,0x32,0x16,0x5C,0x76,0x64,0x74,0x43,0x34,0x33,0x54,0x3B,0x14,0x3B,0x14,0x3B,0xF5,0x53,0xF8,0x7C,0xFA,0x9D,0x5C,0xA6,
  0xDA,0x9D,0x53,0x7C,0xEB,0x52,0x45,0x29,0x42,0x08,0x21,0x00,0x01,0x00,0x41,0x00,0x62,0x08,0x62,0x08,0x82,0x08,0x62,0x08,
  0x62,0x08,0x62,0x08,0xA3,0x10,0xA3,0x10,0x62,0x08,0x62,0x08,0x62,0x08,0x62,0x08,0x82,0x08,0x62,0x08,0x41,0x08,0x21,0x08,
  0x21,0x00,0x42,0x08,0x66,0x29,0x2C,0x5B,0x94,0x84,0xFA,0xA5,0x5C,0xAE,0xDA,0x9D,0xF8,0x7C,0xD5,0x4B,0x34,0x33,0x14,0x3B,
  0x14,0x3B,0xD3,0x32,0xD5,0x4B,0xB7,0x6C,0x16,0x5C,0xD3,0x32,0xF4,0x32,0x54,0x3B,0xF4,0x32,0x17,0x5C,0xCD,0x4A,0x21,0x08,
  0x82,0x08,0x62,0x08,0x62,0x08,0x62,0x08,0x42,0x08,0x42,0x08,0x42,0x08,0x42,0x08,0x42,0x08,0x62,0x08,0x42,0x08,0x42,0x08,
  0x42,0x08,0x42,0x08,0x42,0x08,0x42,0x08,0x42,0x08,0x42,0x08,0x42,0x08,0x42,0x08,0x62,0x08,0x62,0x08,0x42,0x08,0x62,0x08,
  0x62,0x08,0x08,0x3A,0x76,0x64,0x74,0x43,0x54,0x3B,0x14,0x3B,0x14,0x3B,0xF3,0x2A,0x74,0x43,0xB7,0x6C,0x56,0x5C,0x74,0x3B,
  0x14,0x3B,0x54,0x3B,0x14,0x3B,0x34,0x33,0x95,0x4B,0xD7,0x74,0x9A,0x95,0x5C,0xA6,0x5B,0xAE,0xB9,0x9D,0x53,0x7C,0xEC,0x52,
  0x86,0x29,0xC4,0x18,0x42,0x08,0x01,0x00,0x00,0x00,0x01,0x00,0x21,0x00,0x41,0x08,0x42,0x08,0x42,0x08,0x21,0x08,0x41,0x08,
  0x01,0x00,0x01,0x00,0x21,0x00,0x42,0x08,0xC4,0x18,0xC7,0x31,0x2C,0x5B,0xF3,0x84,0x99,0x9D,0x5C,0xAE,0x5C,0xA6,0xDA,0x95,
  0xD7,0x74,0x95,0x4B,0x34,0x33,0x14,0x3B,0x54,0x3B,0xF4,0x32,0x14,0x3B,0x36,0x64,0xB7,0x74,0x74,0x43,0x13,0x33,0x54,0x3B,
  0x54,0x3B,0x14,0x3B,0x35,0x3B,0x15,0x64,0x86,0x29,0x41,0x08,0x62,0x08,0x42,0x08,0x42,0x08,0x62,0x08,0x42,0x08,0x42,0x08,
  0x62,0x08,0x42,0x08,0x42,0x08,0x62,0x08,0x42,0x08,0x42,0x08,0x62,0x08,0x42,0x08,0x42,0x08,0x62,0x08,0x42,0x08,0x42,0x08,
  0x62,0x08,0x42,0x08,0x42,0x08,0x42,0x08,0x42,0x08,0x62,0x08,0x62,0x08,0xA3,0x18,0xD2,0x63,0xF6,0x4B,0x34,0x43,0x14,0x3B,
  0x34,0x43,0x34,0x43,0xD3,0x32,0x13,0x33,0x16,0x5C,0x77,0x6C,0x15,0x4C,0x34,0x33,0xF4,0x32,0xD4,0x3A,0xF4,0x32,0x13,0x33,
  0x74,0x43,0x76,0x64,0xF8,0x84,0xBA,0x9D,0x5C,0xAE,0x9C,0xB6,0x3B,0xAE,0xB8,0x9D,0xB4,0x84,0xD1,0x6B,0x8D,0x5B,0xAB,0x4A,
  0xE9,0x39,0xC9,0x39,0xC7,0x31,0x88,0x31,0xC9,0x39,0x69,0x42,0xEB,0x4A,0x2E,0x5B,0x50,0x74,0xB4,0x84,0x98,0x9D,0x3B,0xAE,
  0x9C,0xB6,0x5C,0xAE,0xFA,0x9D,0x58,0x85,0x36,0x5C,0x34,0x43,0xD3,0x32,0xF4,0x32,0xD4,0x3A,0xF4,0x32,0xF4,0x32,0x16,0x54,
  0xD7,0x74,0x16,0x5C,0x13,0x33,0xD3,0x32,0x74,0x43,0x54,0x3B,0x54,0x3B,0x14,0x3B,0x16,0x54,0x90,0x5B,0x62,0x10,0x82,0x08,
  0x62,0x08,0x42,0x08,0x62,0x08,0x42,0x08,0x42,0x08,0x42,0x08,0x42,0x08,0x42,0x08,0x62,0x08,0x62,0x08,0x62,0x08,0x42,0x08,
  0x62,0x08,0x62,0x08,0x62,0x08,0x62,0x08,0x62,0x08,0x62,0x08,0x62,0x08,0x62,0x08,0x62,0x08,0x62,0x08,0x62,0x08,0x82,0x08,
  0x82,0x10,0x01,0x00,0x6B,0x42,0x17,0x5C,0x34,0x43,0x75,0x43,0x34,0x43,0x34,0x43,0x34,0x43,0x93,0x2A,0xB3,0x2A,0x74,0x43,
  0x36,0x64,0x77,0x6C,0x95,0x4B,0xD3,0x32,0xD3,0x32,0x14,0x3B,0x14,0x3B,0xF4,0x32,0xF4,0x32,0x95,0x4B,0x76,0x64,0xF8,0x7C,
  0x79,0x8D,0x1B,0x9E,0x5C,0xA6,0x7C,0xAE,0x7C,0xAE,0x5C,0xAE,0x5C,0xAE,0x7C,0xB6,0x5B,0xAE,0x5B,0xAE,0x5C,0xAE,0x5C,0xAE,
  0x7C,0xAE,0x7C,0xAE,0x7C,0xAE,0x1C,0xA6,0xDB,0x9D,0xB9,0x95,0xF8,0x7C,0x76,0x64,0x95,0x4B,0x14,0x3B,0xF4,0x32,0xD4,0x3A,
  0xF4,0x32,0xD3,0x32,0xF4,0x32,0xF5,0x53,0xD7,0x74,0x77,0x6C,0x74,0x43,0xB3,0x2A,0xD3,0x32,0x34,0x43,0x74,0x43,0x74,0x43,
  0xB4,0x4B,0x74,0x43,0x36,0x64,0xE9,0x39,0x21,0x00,0x62,0x08,0x62,0x08,0x62,0x08,0x62,0x08,0x62,0x08,0x42,0x08,0x62,0x08,
  0x62,0x08,0x62,0x08,0x62,0x08,0x62,0x08,0x62,0x08,0x62,0x08,0x62,0x08,0x62,0x08,0x62,0x08,0x62,0x08,0x62,0x08,0x62,0x08,
  0x62,0x08,0x62,0x08,0x62,0x08,0x62,0x08,0x62,0x08,0x62,0x08,0x62,0x08,0x21,0x00,0x46,0x29,0x15,0x64,0x95,0x4B,0x95,0x4B,
  0x95,0x4B,0x95,0x4B,0x95,0x4B,0x14,0x3B,0xD3,0x32,0x93,0x2A,0x73,0x2A,0x75,0x43,0x77,0x6C,0xD7,0x74,0x16,0x5C,0x54,0x3B,
  0xF4,0x32,0xF4,0x32,0xF4,0x32,0xF4,0x32,0xD3,0x32,0xD3,0x32,0xF3,0x3A,0x74,0x43,0xD5,0x4B,0x76,0x64,0x97,0x74,0xF8,0x7C,
  0x58,0x85,0x59,0x8D,0x79,0x8D,0x79,0x8D,0x59,0x8D,0x58,0x85,0xF8,0x7C,0xB7,0x6C,0x36,0x64,0x95,0x53,0x34,0x43,0x14,0x3B,
  0x13,0x33,0xD3,0x32,0xF4,0x32,0xD4,0x3A,0xF4,0x32,0xD3,0x32,0x54,0x3B,0x36,0x5C,0xF8,0x7C,0xD7,0x74,0x95,0x4B,0xB3,0x2A,
  0x93,0x2A,0xD3,0x32,0x14,0x3B,0x95,0x4B,0x95,0x4B,0x95,0x4B,0x95,0x4B,0xD5,0x4B,0xB3,0x5B,0xC4,0x18,0x62,0x08,0x62,0x08,
  0x62,0x08,0x62,0x08,0x62,0x08,0x62,0x08,0x62,0x08,0x42,0x08,0x62,0x08,0x62,0x08,0x62,0x08,0x62,0x08,0x62,0x08,0x62,0x08,
  0x62,0x08,0x62,0x08,0x62,0x08,0x62,0x08,0x62,0x08,0x62,0x08,0x62,0x08,0x62,0x08,0x62,0x08,0x62,0x08,0x62,0x08,0x42,0x08,
  0x42,0x08,0x62,0x08,0x82,0x10,0x50,0x53,0xB6,0x4B,0x95,0x4B,0xD5,0x4B,0x95,0x4B,0xF5,0x53,0x34,0x43,0x93,0x2A,0xD3,0x32,
  0xF4,0x32,0x93,0x2A,0x93,0x2A,0x95,0x4B,0x77,0x6C,0xF8,0x7C,0xB7,0x6C,0xD5,0x4B,0xF4,0x32,0xF3,0x2A,0xD3,0x32,0xD3,0x32,
  0xF4,0x32,0xD3,0x32,0xD3,0x32,0xD4,0x2A,0xD3,0x32,0xD3,0x32,0xF4,0x32,0xF4,0x32,0xF4,0x32,0xF4,0x32,0xF4,0x32,0xF4,0x32,
  0x34,0x33,0xD3,0x32,0xD3,0x32,0xD3,0x32,0xD3,0x32,0xF4,0x32,0xD3,0x32,0xD3,0x32,0xF3,0x2A,0x14,0x3B,0xB5,0x53,0xB7,0x6C,
  0x18,0x7D,0xB7,0x6C,0x95,0x4B,0xD3,0x32,0x93,0x2A,0xF4,0x32,0xF4,0x32,0x93,0x2A,0x34,0x43,0x95,0x4B,0x95,0x4B,0xD5,0x53,
  0x95,0x4B,0xD6,0x53,0x0F,0x5B,0x82,0x10,0x62,0x08,0x62,0x08,0x62,0x08,0x42,0x08,0x62,0x08,0x62,0x08,0x62,0x08,0x42,0x08,
  0x42,0x08,0x62,0x08,0x62,0x08,0x62,0x08,0x62,0x08,0x62,0x08,0x62,0x08,0x62,0x08,0x62,0x08,0x62,0x08,0x62,0x08,0x62,0x08,
  0x62,0x08,0x42,0x08,0x62,0x08,0x62,0x08,0x62,0x08,0x62,0x08,0x62,0x08,0x62,0x08,0x42,0x08,0xCA,0x39,0xD6,0x53,0x95,0x4B,
  0xF5,0x53,0xF5,0x53,0xF5,0x53,0xD5,0x4B,0xF4,0x32,0xF4,0x32,0xF4,0x32,0xF4,0x32,0xF4,0x32,0x93,0x2A,0xF3,0x2A,0x14,0x3B,
  0xD6,0x53,0xB7,0x6C,0xF8,0x74,0x77,0x6C,0xB5,0x53,0x74,0x43,0xF4,0x32,0xD3,0x32,0xD3,0x32,0x93,0x2A,0xD3,0x32,0xF4,0x32,
  0xD3,0x32,0xD3,0x32,0xD3,0x32,0xD3,0x32,0xF4,0x32,0xF4,0x32,0xF4,0x32,0xD4,0x2A,0x93,0x2A,0xD3,0x32,0xD3,0x32,0xD3,0x32,
  0x34,0x43,0xB5,0x53,0x77,0x6C,0xF8,0x7C,0xD7,0x74,0x16,0x5C,0x54,0x43,0xF3,0x2A,0x93,0x2A,0xF4,0x32,0xF4,0x32,0xF4,0x32,
  0xF4,0x32,0xF4,0x32,0xF5,0x53,0xF5,0x53,0xF5,0x53,0xB5,0x53,0x95,0x4B,0xF5,0x5B,0xC9,0x39,0x62,0x08,0x82,0x08,0x62,0x08,
  0x62,0x08,0x42,0x08,0x62,0x08,0x62,0x08,0x42,0x08,0x42,0x08,0x62,0x08,0x62,0x08,0x62,0x08,0x62,0x08,0x62,0x08,0x62,0x08,
  0x62,0x08,0x62,0x08,0x62,0x08,0x62,0x08,0x62,0x08,0x62,0x08,0x62,0x08,0x42,0x08,0x62,0x08,0x62,0x08,0x42,0x08,0x62,0x08,
  0x62,0x08,0x82,0x08,0x83,0x10,0x66,0x29,0xB4,0x53,0xD5,0x4B,0x16,0x54,0x16,0x54,0x16,0x5C,0x16,0x5C,0x54,0x3B,0xF4,0x32,
  0xF4,0x32,0xF4,0x32,0xF4,0x32,0xF4,0x32,0xF4,0x32,0xD3,0x32,0xB3,0x2A,0x73,0x2A,0x14,0x3B,0xF5,0x53,0x77,0x6C,0xF8,0x7C,
  0x18,0x7D,0xB8,0x74,0x77,0x6C,0x36,0x5C,0xB5,0x53,0x95,0x4B,0x34,0x43,0x34,0x43,0x74,0x43,0x34,0x43,0x34,0x43,0x75,0x43,
  0xD5,0x4B,0xD6,0x53,0x36,0x64,0x97,0x74,0xF8,0x7C,0x58,0x85,0xF8,0x7C,0x77,0x6C,0xB5,0x53,0x14,0x3B,0xB3,0x2A,0x73,0x2A,
  0xD3,0x32,0xF4,0x32,0xF4,0x32,0x14,0x3B,0xF4,0x32,0xF4,0x32,0xF4,0x32,0x14,0x3B,0xD6,0x53,0xD6,0x53,0xD6,0x53,0x35,0x5C,
  0xD5,0x4B,0xB3,0x53,0xE4,0x20,0x83,0x10,0x62,0x08,0x62,0x08,0x42,0x08,0x42,0x08,0x62,0x08,0x62,0x08,0x62,0x08,0x62,0x08,
  0x62,0x08,0x62,0x08,0x62,0x08,0x62,0x08,0x62,0x08,0x62,0x08,0x62,0x08,0x62,0x08,0x62,0x08,0x62,0x08,0x62,0x08,0x62,0x08,
  0x62,0x08,0x62,0x08,0x62,0x08,0x62,0x08,0x62,0x08,0x42,0x08,0x62,0x08,0xA3,0x10,0xA3,0x10,0xA3,0x18,0x50,0x53,0xB6,0x4B,
  0x16,0x5C,0x36,0x5C,0x36,0x5C,0x76,0x64,0x75,0x43,0xF4,0x32,0x14,0x3B,0x54,0x3B,0x54,0x3B,0x54,0x3B,0x14,0x3B,0x14,0x3B,
  0x14,0x3B,0x14,0x3B,0xF4,0x32,0x93,0x2A,0x93,0x2A,0xD3,0x32,0x14,0x3B,0x95,0x4B,0x36,0x64,0xB7,0x6C,0xB8,0x74,0xF8,0x7C,
  0xD8,0x7C,0x39,0x85,0x39,0x85,0x39,0x85,0x39,0x85,0xF8,0x84,0x18,0x7D,0xF8,0x7C,0xB7,0x6C,0x36,0x64,0xB5,0x53,0x34,0x43,
  0xF4,0x32,0xF3,0x2A,0xD3,0x32,0xF4,0x32,0xD4,0x3A,0xD4,0x3A,0x14,0x3B,0x14,0x3B,0x14,0x3B,0xD4,0x3A,0x54,0x3B,0x14,0x3B,
  0xF4,0x32,0x95,0x4B,0x36,0x5C,0x36,0x5C,0x36,0x5C,0x56,0x5C,0x16,0x54,0xEE,0x52,0x62,0x10,0x82,0x08,0x42,0x08,0x62,0x08,
  0x42,0x08,0x42,0x08,0x62,0x08,0x62,0x08,0x62,0x08,0x62,0x08,0x62,0x08,0x62,0x08,0x62,0x08,0x62,0x08,0x62,0x08,0x62,0x08,
  0x62,0x08,0x62,0x08,0x42,0x08,0x42,0x08,0x42,0x08,0x62,0x08,0x62,0x08,0x42,0x08,0x62,0x08,0x62,0x08,0x62,0x08,0x82,0x10,
  0x62,0x08,0x62,0x08,0xA3,0x10,0x62,0x10,0x2B,0x42,0xD6,0x53,0x36,0x5C,0x76,0x64,0x36,0x5C,0x97,0x64,0xF5,0x53,0xF4,0x32,
  0x75,0x43,0x34,0x43,0x34,0x43,0x34,0x43,0x34,0x43,0x34,0x43,0x34,0x43,0x34,0x43,0x34,0x43,0x35,0x3B,0x75,0x43,0x34,0x43,
  0x54,0x3B,0xF4,0x32,0xD3,0x32,0xD3,0x32,0xD3,0x32,0xD3,0x32,0xD3,0x32,0xF4,0x32,0x14,0x3B,0xF4,0x32,0xF4,0x32,0xD3,0x32,
  0xD3,0x32,0xD3,0x32,0xD3,0x32,0x13,0x33,0xF4,0x32,0x54,0x3B,0x34,0x43,0x75,0x43,0x75,0x43,0x34,0x43,0x34,0x43,0x34,0x43,
  0x34,0x43,0x34,0x43,0x34,0x43,0x34,0x43,0x14,0x3B,0x75,0x43,0xF4,0x32,0xD6,0x53,0x97,0x64,0x36,0x5C,0x36,0x5C,0x36,0x5C,
  0xD6,0x53,0xE9,0x39,0x41,0x08,0x62,0x08,0x42,0x08,0x62,0x08,0x62,0x08,0x62,0x08,0x42,0x08,0x42,0x08,0x62,0x08,0x62,0x08,
  0x62,0x08,0x62,0x08,0x62,0x08,0x62,0x08,0x42,0x08,0x42,0x08,0x62,0x08,0x62,0x08,0x42,0x08,0x42,0x08,0x42,0x08,0x62,0x08,
  0x62,0x08,0x42,0x08,0x42,0x08,0x42,0x08,0x62,0x08,0x82,0x10,0x62,0x08,0x42,0x08,0xA3,0x10,0x82,0x08,0x66,0x29,0x94,0x53,
  0x36,0x5C,0x97,0x64,0x97,0x64,0x97,0x64,0x16,0x5C,0xF4,0x32,0x95,0x4B,0x75,0x43,0x75,0x43,0x75,0x43,0x75,0x43,0x95,0x4B,
  0x95,0x4B,0x95,0x4B,0x75,0x43,0x75,0x43,0x95,0x4B,0x95,0x4B,0x95,0x4B,0x95,0x4B,0x95,0x4B,0x75,0x43,0x75,0x43,0x75,0x43,
  0x75,0x43,0x75,0x43,0x75,0x43,0x75,0x43,0x75,0x43,0x75,0x43,0x75,0x43,0x75,0x43,0x95,0x4B,0x95,0x4B,0x95,0x4B,0x95,0x4B,
  0x95,0x4B,0x95,0x4B,0x95,0x4B,0x75,0x43,0x75,0x43,0x75,0x43,0x75,0x43,0x75,0x43,0x75,0x43,0x75,0x43,0x75,0x43,0x75,0x43,
  0xD3,0x32,0x36,0x5C,0x97,0x64,0x97,0x64,0x97,0x64,0x36,0x5C,0x93,0x53,0xC4,0x18,0x62,0x08,0x42,0x08,0x42,0x08,0x42,0x08,
  0x62,0x08,0x62,0x08,0x62,0x08,0x62,0x08,0x42,0x08,0x42,0x08,0x62,0x08,0x62,0x08,0x62,0x08,0x62,0x08,0x42,0x08,0x42,0x08,
  0x62,0x08,0x62,0x08,0x62,0x08,0x62,0x08,0x42,0x08,0x62,0x08,0x42,0x08,0x42,0x08,0x42,0x08,0x62,0x08,0x62,0x08,0x62,0x08,
  0x62,0x08,0x62,0x08,0x62,0x08,0x42,0x08,0x62,0x10,0x31,0x4B,0x37,0x54,0xB7,0x6C,0x57,0x64,0xB7,0x6C,0x76,0x64,0xD3,0x32,
  0x75,0x43,0xD5,0x4B,0xD5,0x4B,0xD5,0x4B,0xD5,0x4B,0xD5,0x4B,0xD5,0x4B,0xD5,0x4B,0xD5,0x4B,0xD5,0x4B,0xD5,0x4B,0xD5,0x4B,
  0x95,0x4B,0xD5,0x4B,0xD5,0x4B,0xD5,0x4B,0xD5,0x4B,0xD5,0x4B,0xD5,0x4B,0xD5,0x4B,0xD5,0x4B,0xD5,0x4B,0xD5,0x4B,0xD5,0x4B,
  0xD5,0x4B,0xD5,0x4B,0xD5,0x4B,0xD5,0x4B,0xD5,0x4B,0xD5,0x4B,0xD5,0x4B,0xD5,0x4B,0xD5,0x4B,0xD5,0x4B,0xD5,0x4B,0xD5,0x4B,
  0xD5,0x4B,0xD5,0x4B,0xD5,0x4B,0xD5,0x4B,0xD5,0x4B,0x34,0x43,0xF4,0x32,0x76,0x64,0xB7,0x6C,0x97,0x64,0x77,0x6C,0x37,0x54,
  0xEF,0x4A,0x21,0x08,0x62,0x08,0x62,0x08,0x42,0x08,0x42,0x08,0x62,0x08,0x42,0x08,0x42,0x08,0x62,0x08,0x62,0x08,0x62,0x08,
  0x62,0x08,0x42,0x08,0x42,0x08,0x62,0x08,0x62,0x08,0x42,0x08,0x42,0x08,0x42,0x08,0x42,0x08,0x42,0x08,0x42,0x08,0x62,0x08,
  0x42,0x08,0x42,0x08,0x42,0x08,0x62,0x08,0x42,0x08,0x62,0x08,0x62,0x08,0x42,0x08,0x42,0x08,0x62,0x08,0x00,0x00,0x2B,0x42,
  0xD6,0x4B,0x96,0x6C,0xD7,0x74,0xB7,0x6C,0x77,0x6C,0x14,0x3B,0x95,0x4B,0xF5,0x53,0xB5,0x53,0xB5,0x53,0xF5,0x53,0xF5,0x53,
  0xF5,0x53,0xF5,0x53,0xF5,0x53,0x16,0x54,0x16,0x54,0x16,0x54,0xF5,0x53,0xF5,0x53,0xF5,0x53,0xF5,0x53,0xF5,0x53,0xF5,0x53,
  0xF5,0x53,0xF5,0x53,0xF5,0x53,0xF5,0x53,0xF5,0x53,0xF5,0x53,0xF5,0x53,0xF5,0x53,0xF5,0x53,0xF5,0x53,0x16,0x54,0x16,0x54,
  0x16,0x54,0x16,0x54,0x16,0x54,0xF5,0x53,0x16,0x54,0x16,0x54,0x16,0x54,0xF5,0x53,0xF5,0x53,0xF5,0x53,0xF5,0x53,0x74,0x43,
  0x14,0x3B,0xB7,0x74,0xB7,0x6C,0xD7,0x74,0x36,0x64,0xF6,0x4B,0xA8,0x31,0x01,0x00,0x62,0x08,0x42,0x08,0x42,0x08,0x62,0x08,
  0x42,0x08,0x42,0x08,0x42,0x08,0x42,0x08,0x62,0x08,0x62,0x08,0x42,0x08,0x42,0x08,0x42,0x08,0x42,0x08,0x42,0x08,0x42,0x08,
  0x42,0x08,0x42,0x08,0x42,0x08,0x42,0x08,0x42,0x08,0x62,0x08,0x62,0x08,0x42,0x08,0x42,0x08,0x62,0x08,0x42,0x08,0x62,0x08,
  0x62,0x08,0x62,0x08,0x62,0x08,0x42,0x08,0x42,0x08,0xE4,0x20,0xB2,0x5B,0xD5,0x4B,0x76,0x64,0xD7,0x74,0xF8,0x74,0x34,0x43,
  0x36,0x64,0x56,0x5C,0x16,0x5C,0x16,0x5C,0x16,0x5C,0x56,0x5C,0x56,0x5C,0x56,0x5C,0x16,0x5C,0x16,0x5C,0x16,0x5C,0x16,0x5C,
  0x16,0x5C,0x16,0x5C,0x16,0x5C,0x16,0x5C,0x16,0x5C,0x56,0x5C,0x56,0x5C,0x56,0x5C,0x56,0x5C,0x56,0x5C,0x56,0x5C,0x56,0x5C,
  0x16,0x5C,0x16,0x5C,0x16,0x5C,0x56,0x5C,0x56,0x5C,0x56,0x5C,0x16,0x5C,0x16,0x5C,0x16,0x5C,0x16,0x5C,0x16,0x5C,0x16,0x5C,
  0x16,0x5C,0x56,0x5C,0x16,0x5C,0x16,0x54,0x36,0x5C,0x36,0x5C,0x34,0x43,0xF8,0x74,0xD7,0x74,0x36,0x64,0xB6,0x4B,0x30,0x53,
  0x83,0x10,0x62,0x08,0x62,0x08,0x62,0x08,0x42,0x08,0x42,0x08,0x42,0x08,0x62,0x08,0x62,0x08,0x62,0x08,0x42,0x08,0x42,0x08,
  0x62,0x08,0x42,0x08,0x42,0x08,0x42,0x08,0x62,0x08,0x42,0x08,0x62,0x08,0x62,0x08,0x62,0x08,0x62,0x08,0x62,0x08,0x62,0x08,
  0x42,0x08,0x62,0x08,0x62,0x08,0x62,0x08,0x62,0x08,0x62,0x08,0x62,0x08,0x62,0x08,0x62,0x08,0x62,0x08,0x62,0x08,0x62,0x08,
  0x66,0x29,0x50,0x53,0x75,0x43,0xD6,0x53,0xB7,0x6C,0x74,0x43,0xB3,0x63,0xF7,0x74,0x36,0x5C,0x76,0x64,0x36,0x5C,0x36,0x5C,
  0x76,0x64,0x76,0x64,0x76,0x64,0x36,0x5C,0x36,0x5C,0x36,0x5C,0x36,0x5C,0x36,0x5C,0x36,0x5C,0x36,0x5C,0x36,0x5C,0x36,0x5C,
  0x36,0x5C,0x36,0x5C,0x36,0x5C,0x36,0x5C,0x36,0x5C,0x36,0x5C,0x36,0x5C,0x76,0x64,0x76,0x64,0x36,0x5C,0x36,0x5C,0x36,0x5C,
  0x36,0x5C,0x36,0x5C,0x36,0x5C,0x36,0x5C,0x36,0x5C,0x36,0x5C,0x36,0x5C,0x36,0x5C,0x36,0x5C,0x57,0x5C,0x96,0x74,0x72,0x5B,
  0xD5,0x4B,0xB7,0x6C,0xD6,0x4B,0x95,0x4B,0xEF,0x52,0x05,0x21,0x62,0x08,0x62,0x08,0x62,0x08,0x62,0x08,0x62,0x08,0x42,0x08,
  0x42,0x08,0x62,0x08,0x62,0x08,0x42,0x08,0x42,0x08,0x62,0x08,0x62,0x08,0x62,0x08,0x62,0x08,0x62,0x08,0x42,0x08,0x42,0x08,
  0x62,0x08,0x62,0x08,0x62,0x08,0x62,0x08,0x62,0x08,0x62,0x08,0x42,0x08,0x62,0x08,0x62,0x08,0x62,0x08,0x62,0x08,0x62,0x08,
  0x62,0x08,0x62,0x08,0x62,0x08,0x62,0x08,0x62,0x08,0xA3,0x10,0x83,0x10,0xA3,0x18,0x69,0x42,0x31,0x4B,0x74,0x43,0x55,0x43,
  0x10,0x4B,0x6D,0x5B,0xF8,0x74,0x77,0x64,0x97,0x64,0x97,0x64,0x97,0x64,0x97,0x64,0x97,0x64,0x97,0x64,0x76,0x64,0x97,0x64,
  0x76,0x64,0x97,0x64,0x97,0x64,0x97,0x64,0x97,0x64,0x97,0x64,0x97,0x64,0x97,0x64,0x97,0x64,0x97,0x64,0x97,0x64,0x97,0x64,
  0x97,0x64,0x97,0x64,0x97,0x64,0x97,0x64,0x97,0x64,0x97,0x64,0x76,0x64,0x97,0x64,0x97,0x64,0x97,0x64,0x97,0x64,0x97,0x64,
  0x97,0x64,0x97,0x64,0xD8,0x6C,0xF8,0x74,0xAB,0x4A,0x8F,0x3A,0xB6,0x43,0x54,0x4B,0xF0,0x4A,0x08,0x3A,0xA3,0x18,0xA3,0x10,
  0x62,0x08,0x42,0x08,0x62,0x08,0x62,0x08,0x62,0x08,0x62,0x08,0x62,0x08,0x62,0x08,0x62,0x08,0x42,0x08,0x42,0x08,0x62,0x08,
  0x62,0x08,0x62,0x08,0x62,0x08,0x62,0x08,0x62,0x08,0x62,0x08,0x62,0x08,0x62,0x08,0x62,0x08,0x62,0x08,0x62,0x08,0x62,0x08,
  0x62,0x08,0x62,0x08,0x62,0x08,0x62,0x08,0x62,0x08,0x62,0x08,0x62,0x08,0x62,0x08,0x62,0x08,0x62,0x08,0x62,0x08,0xA3,0x10,
  0xC3,0x10,0xA3,0x10,0x82,0x10,0xC3,0x20,0xC9,0x39,0xAD,0x4A,0x09,0x3A,0x83,0x10,0xCB,0x4A,0x34,0x74,0x96,0x74,0x17,0x7D,
  0xF7,0x84,0x18,0x85,0x18,0x85,0xF8,0x7C,0x17,0x7D,0x17,0x7D,0x17,0x7D,0x17,0x7D,0x17,0x7D,0x17,0x7D,0x17,0x7D,0x17,0x7D,
  0x17,0x7D,0x17,0x7D,0x17,0x7D,0x17,0x7D,0x17,0x7D,0x17,0x7D,0x17,0x7D,0x17,0x7D,0x17,0x7D,0x17,0x7D,0x17,0x7D,0x17,0x7D,
  0x17,0x7D,0xF8,0x7C,0xF8,0x7C,0x18,0x85,0x18,0x85,0xF8,0x7C,0xF7,0x84,0x96,0x74,0x74,0x74,0x6A,0x42,0x41,0x08,0xEA,0x39,
  0x4C,0x42,0xC7,0x31,0xA3,0x18,0x41,0x08,0xA3,0x10,0xA3,0x10,0x62,0x08,0x62,0x08,0x62,0x08,0x62,0x08,0x62,0x08,0x62,0x08,
  0x62,0x08,0x42,0x08,0x62,0x08,0x62,0x08,0x42,0x08,0x62,0x08,0x62,0x08,0x42,0x08,0x62,0x08,0x42,0x08,0x62,0x08,0x62,0x08,
};
static const lv_img_dsc_t spl_mark = {
  { LV_IMG_CF_TRUE_COLOR, 0, 0, 90, 104 }, 18720, spl_mark_map
};

/* spl_kata: 134x25, 6700 bytes -- kata "TeleCare" (Segoe UI Bold, warna tinta
   diambil dari bitmap "ASAWatch" lama), dibuat ulang untuk varian TeleCare. */
static const uint8_t spl_kata_map[] = {
  0x42,0x08,0x42,0x08,0x42,0x08,0x42,0x08,0x42,0x08,0x42,0x08,0x42,0x08,0x42,0x08,0x42,0x08,0x42,0x08,0x42,0x08,0x42,0x08,
  0x42,0x08,0x42,0x08,0x42,0x08,0x42,0x08,0x42,0x08,0x42,0x08,0x42,0x08,0x42,0x08,0x42,0x08,0x42,0x08,0x42,0x08,0x42,0x08,
  0x42,0x08,0x42,0x08,0x42,0x08,0x42,0x08,0x42,0x08,0x42,0x08,0x42,0x08,0x42,0x08,0x42,0x08,0x42,0x08,0x42,0x08,0x42,0x08,
  0x42,0x08,0x62,0x08,0x42,0x08,0xEA,0x22,0x12,0x35,0x11,0x35,0x11,0x35,0x12,0x35,0xEA,0x22,0x42,0x08,0x62,0x08,0x42,0x08,
  0x42,0x08,0x42,0x08,0x42,0x08,0x42,0x08,0x42,0x08,0x42,0x08,0x42,0x08,0x42,0x08,0x42,0x08,0x42,0x08,0x42,0x08,0x42,0x08,
  0x42,0x08,0x42,0x08,0x42,0x08,0x42,0x08,0x42,0x08,0x42,0x08,0x42,0x08,0x42,0x08,0x42,0x08,0x42,0x08,0x42,0x08,0x62,0x08,
  0x42,0x08,0x42,0x08,0x42,0x08,0x42,0x08,0x62,0x08,0xA3,0x08,0xA3,0x08,0xA3,0x08,0x62,0x08,0x42,0x08,0x42,0x08,0x42,0x08,
  0x42,0x08,0x42,0x08,0x42,0x08,0x42,0x08,0x42,0x08,0x42,0x08,0x42,0x08,0x42,0x08,0x42,0x08,0x42,0x08,0x42,0x08,0x42,0x08,
  0x42,0x08,0x42,0x08,0x42,0x08,0x42,0x08,0x42,0x08,0x42,0x08,0x42,0x08,0x42,0x08,0x42,0x08,0x42,0x08,0x42,0x08,0x42,0x08,
  0x42,0x08,0x42,0x08,0x42,0x08,0x42,0x08,0x42,0x08,0x42,0x08,0x42,0x08,0x42,0x08,0x42,0x08,0x42,0x08,0x42,0x08,0x42,0x08,
  0x42,0x08,0x42,0x08,0x42,0x08,0x42,0x08,0x42,0x08,0x42,0x08,0x42,0x08,0x42,0x08,0x42,0x08,0x42,0x08,0x42,0x08,0x42,0x08,
  0x42,0x08,0x42,0x08,0xA6,0x11,0xEA,0x1A,0xCA,0x1A,0xEA,0x1A,0xEA,0x1A,0xEA,0x1A,0xEA,0x1A,0xEA,0x1A,0xEA,0x1A,0xEA,0x1A,
  0xEA,0x1A,0xEA,0x1A,0xEA,0x1A,0xEA,0x1A,0xEA,0x1A,0xEA,0x1A,0xCA,0x1A,0xEA,0x1A,0x69,0x1A,0x42,0x08,0x42,0x08,0x42,0x08,
  0x42,0x08,0x42,0x08,0x42,0x08,0x42,0x08,0x42,0x08,0x42,0x08,0x42,0x08,0x42,0x08,0x42,0x08,0x42,0x08,0x42,0x08,0x42,0x08,
  0x42,0x08,0x42,0x08,0x42,0x08,0x62,0x08,0x42,0x08,0xEA,0x22,0x12,0x35,0x11,0x35,0x11,0x35,0x12,0x35,0xEA,0x22,0x42,0x08,
  0x62,0x08,0x42,0x08,0x42,0x08,0x42,0x08,0x42,0x08,0x42,0x08,0x42,0x08,0x42,0x08,0x42,0x08,0x42,0x08,0x42,0x08,0x42,0x08,
  0x42,0x08,0x42,0x08,0x42,0x08,0x42,0x08,0x42,0x08,0x42,0x08,0x42,0x08,0x42,0x08,0x42,0x08,0x42,0x08,0x42,0x08,0x42,0x08,
  0x42,0x08,0x42,0x08,0x42,0x08,0x86,0x11,0xEA,0x22,0xEE,0x2B,0x6F,0x2C,0xB0,0x34,0xD1,0x34,0xB0,0x2C,0x6F,0x2C,0xEE,0x2B,
  0x0B,0x23,0xA6,0x11,0x42,0x08,0x42,0x08,0x42,0x08,0x42,0x08,0x42,0x08,0x42,0x08,0x42,0x08,0x42,0x08,0x42,0x08,0x42,0x08,
  0x42,0x08,0x42,0x08,0x42,0x08,0x42,0x08,0x42,0x08,0x42,0x08,0x42,0x08,0x42,0x08,0x42,0x08,0x42,0x08,0x42,0x08,0x42,0x08,
  0x42,0x08,0x42,0x08,0x42,0x08,0x42,0x08,0x42,0x08,0x42,0x08,0x42,0x08,0x42,0x08,0x42,0x08,0x42,0x08,0x42,0x08,0x42,0x08,
  0x42,0x08,0x42,0x08,0x42,0x08,0x42,0x08,0x42,0x08,0x42,0x08,0x42,0x08,0x42,0x08,0x42,0x08,0x42,0x08,0x42,0x08,0x42,0x08,
  0x42,0x08,0x42,0x08,0x42,0x08,0x42,0x08,0x0B,0x23,0x12,0x35,0x12,0x35,0x12,0x35,0x12,0x35,0x12,0x35,0x12,0x35,0x12,0x35,
  0x12,0x35,0x12,0x35,0x12,0x35,0x12,0x35,0x12,0x35,0x12,0x35,0x12,0x35,0x12,0x35,0x12,0x35,0x12,0x35,0x90,0x2C,0x42,0x08,
  0x42,0x08,0x42,0x08,0x42,0x08,0x42,0x08,0x42,0x08,0x42,0x08,0x42,0x08,0x42,0x08,0x42,0x08,0x42,0x08,0x42,0x08,0x42,0x08,
  0x42,0x08,0x42,0x08,0x42,0x08,0x42,0x08,0x42,0x08,0x62,0x08,0x42,0x08,0xEA,0x22,0x12,0x35,0x11,0x35,0x11,0x35,0x12,0x35,
  0xEA,0x22,0x42,0x08,0x62,0x08,0x42,0x08,0x42,0x08,0x42,0x08,0x42,0x08,0x42,0x08,0x42,0x08,0x42,0x08,0x42,0x08,0x42,0x08,
  0x42,0x08,0x42,0x08,0x42,0x08,0x42,0x08,0x42,0x08,0x42,0x08,0x42,0x08,0x42,0x08,0x42,0x08,0x42,0x08,0x42,0x08,0x42,0x08,
  0x42,0x08,0x42,0x08,0x42,0x08,0xC6,0x11,0x2E,0x2C,0x12,0x35,0x12,0x35,0x12,0x35,0x12,0x35,0x12,0x35,0x12,0x35,0x12,0x35,
  0x12,0x35,0x12,0x35,0x12,0x35,0x90,0x2C,0x42,0x08,0x42,0x08,0x42,0x08,0x42,0x08,0x42,0x08,0x42,0x08,0x42,0x08,0x42,0x08,
  0x42,0x08,0x42,0x08,0x42,0x08,0x42,0x08,0x42,0x08,0x42,0x08,0x42,0x08,0x42,0x08,0x42,0x08,0x42,0x08,0x42,0x08,0x42,0x08,
  0x42,0x08,0x42,0x08,0x42,0x08,0x42,0x08,0x42,0x08,0x42,0x08,0x42,0x08,0x42,0x08,0x42,0x08,0x42,0x08,0x42,0x08,0x42,0x08,
  0x42,0x08,0x42,0x08,0x42,0x08,0x42,0x08,0x42,0x08,0x42,0x08,0x42,0x08,0x42,0x08,0x42,0x08,0x42,0x08,0x42,0x08,0x42,0x08,
  0x42,0x08,0x42,0x08,0x42,0x08,0x42,0x08,0x42,0x08,0x42,0x08,0xCA,0x1A,0xF1,0x34,0xF1,0x34,0xF1,0x34,0xF1,0x34,0xF1,0x34,
  0xF1,0x34,0x11,0x35,0x11,0x35,0x11,0x35,0x11,0x35,0x11,0x35,0xF1,0x34,0xF1,0x34,0xF1,0x34,0xF1,0x34,0xF1,0x34,0xF1,0x34,
  0x2E,0x2C,0x42,0x08,0x42,0x08,0x42,0x08,0x42,0x08,0x42,0x08,0x42,0x08,0x42,0x08,0x42,0x08,0x42,0x08,0x42,0x08,0x42,0x08,
  0x42,0x08,0x42,0x08,0x42,0x08,0x42,0x08,0x42,0x08,0x42,0x08,0x42,0x08,0x62,0x08,0x42,0x08,0xEA,0x22,0x12,0x35,0x11,0x35,
  0x11,0x35,0x12,0x35,0xEA,0x22,0x42,0x08,0x62,0x08,0x42,0x08,0x42,0x08,0x42,0x08,0x42,0x08,0x42,0x08,0x42,0x08,0x42,0x08,
  0x42,0x08,0x42,0x08,0x42,0x08,0x42,0x08,0x42,0x08,0x42,0x08,0x42,0x08,0x42,0x08,0x42,0x08,0x42,0x08,0x42,0x08,0x42,0x08,
  0x42,0x08,0x42,0x08,0x42,0x08,0x62,0x08,0x0B,0x23,0x12,0x35,0x12,0x35,0x12,0x35,0x11,0x35,0x11,0x35,0x11,0x35,0x11,0x35,
  0x11,0x35,0x11,0x35,0xF1,0x34,0xF1,0x34,0x11,0x35,0x4F,0x2C,0x42,0x08,0x42,0x08,0x42,0x08,0x42,0x08,0x42,0x08,0x42,0x08,
  0x42,0x08,0x42,0x08,0x42,0x08,0x42,0x08,0x42,0x08,0x42,0x08,0x42,0x08,0x42,0x08,0x42,0x08,0x42,0x08,0x42,0x08,0x42,0x08,
  0x42,0x08,0x42,0x08,0x42,0x08,0x42,0x08,0x42,0x08,0x42,0x08,0x42,0x08,0x42,0x08,0x42,0x08,0x42,0x08,0x42,0x08,0x42,0x08,
  0x42,0x08,0x42,0x08,0x42,0x08,0x42,0x08,0x42,0x08,0x42,0x08,0x42,0x08,0x42,0x08,0x42,0x08,0x42,0x08,0x42,0x08,0x42,0x08,
  0x42,0x08,0x42,0x08,0x42,0x08,0x42,0x08,0x42,0x08,0x42,0x08,0x42,0x08,0x42,0x08,0x0B,0x23,0x12,0x35,0x12,0x35,0x12,0x35,
  0x12,0x35,0x12,0x35,0x12,0x35,0x12,0x35,0x12,0x35,0x12,0x35,0x12,0x35,0x12,0x35,0x12,0x35,0x12,0x35,0x12,0x35,0x12,0x35,
  0x12,0x35,0x12,0x35,0x70,0x2C,0x42,0x08,0x42,0x08,0x42,0x08,0x42,0x08,0x42,0x08,0x42,0x08,0x42,0x08,0x42,0x08,0x42,0x08,
  0x42,0x08,0x42,0x08,0x42,0x08,0x42,0x08,0x42,0x08,0x42,0x08,0x42,0x08,0x42,0x08,0x42,0x08,0x62,0x08,0x42,0x08,0xEA,0x22,
  0x12,0x35,0x11,0x35,0x11,0x35,0x12,0x35,0xEA,0x22,0x42,0x08,0x62,0x08,0x42,0x08,0x42,0x08,0x42,0x08,0x42,0x08,0x42,0x08,
  0x42,0x08,0x42,0x08,0x42,0x08,0x42,0x08,0x42,0x08,0x42,0x08,0x42,0x08,0x42,0x08,0x42,0x08,0x42,0x08,0x42,0x08,0x42,0x08,
  0x42,0x08,0x42,0x08,0x42,0x08,0x62,0x08,0x62,0x08,0x8D,0x23,0x12,0x35,0x11,0x35,0x12,0x35,0x12,0x35,0x11,0x35,0x12,0x35,
  0x12,0x35,0x12,0x35,0x12,0x35,0x12,0x35,0x12,0x35,0x12,0x35,0x12,0x35,0x4F,0x2C,0x42,0x08,0x42,0x08,0x42,0x08,0x42,0x08,
  0x42,0x08,0x42,0x08,0x42,0x08,0x42,0x08,0x42,0x08,0x42,0x08,0x42,0x08,0x42,0x08,0x42,0x08,0x42,0x08,0x42,0x08,0x42,0x08,
  0x42,0x08,0x42,0x08,0x42,0x08,0x42,0x08,0x42,0x08,0x42,0x08,0x42,0x08,0x42,0x08,0x42,0x08,0x42,0x08,0x42,0x08,0x42,0x08,
  0x42,0x08,0x42,0x08,0x42,0x08,0x42,0x08,0x42,0x08,0x42,0x08,0x42,0x08,0x42,0x08,0x42,0x08,0x42,0x08,0x42,0x08,0x42,0x08,
  0x42,0x08,0x42,0x08,0x42,0x08,0x42,0x08,0x42,0x08,0x42,0x08,0x42,0x08,0x42,0x08,0x42,0x08,0x42,0x08,0x08,0x1A,0xAD,0x23,
  0x8D,0x23,0xAD,0x23,0xAD,0x23,0x8D,0x23,0xAD,0x23,0xF1,0x34,0x12,0x35,0x12,0x35,0x12,0x35,0x12,0x35,0x0E,0x2C,0x8D,0x23,
  0xAD,0x23,0xAD,0x23,0x8D,0x23,0xAD,0x23,0x0B,0x23,0x42,0x08,0x42,0x08,0x42,0x08,0x42,0x08,0x42,0x08,0x42,0x08,0x42,0x08,
  0x42,0x08,0x62,0x08,0x62,0x08,0x62,0x08,0x62,0x08,0x42,0x08,0x42,0x08,0x42,0x08,0x42,0x08,0x42,0x08,0x42,0x08,0x62,0x08,
  0x42,0x08,0xEA,0x22,0x12,0x35,0x11,0x35,0x11,0x35,0x12,0x35,0xEA,0x22,0x42,0x08,0x62,0x08,0x42,0x08,0x42,0x08,0x42,0x08,
  0x42,0x08,0x42,0x08,0x42,0x08,0x42,0x08,0x62,0x08,0x62,0x08,0x62,0x08,0x62,0x08,0x62,0x08,0x42,0x08,0x42,0x08,0x42,0x08,
  0x42,0x08,0x42,0x08,0x42,0x08,0x42,0x08,0x62,0x08,0x42,0x08,0x2B,0x23,0x12,0x35,0xF1,0x34,0x12,0x35,0x12,0x35,0x12,0x35,
  0x12,0x35,0xD1,0x34,0xAD,0x23,0xEA,0x1A,0x89,0x1A,0xAA,0x1A,0x2B,0x23,0x2E,0x2C,0x12,0x35,0xB0,0x2C,0x42,0x08,0x42,0x08,
  0x42,0x08,0x42,0x08,0x42,0x08,0x42,0x08,0x42,0x08,0x62,0x08,0x62,0x08,0x62,0x08,0x62,0x08,0x62,0x08,0x62,0x08,0x42,0x08,
  0x42,0x08,0x42,0x08,0x42,0x08,0x42,0x08,0x42,0x08,0x42,0x08,0x42,0x08,0x42,0x08,0x42,0x08,0x42,0x08,0x42,0x08,0x42,0x08,
  0x42,0x08,0x42,0x08,0x42,0x08,0x62,0x08,0x62,0x08,0x62,0x08,0x42,0x08,0x42,0x08,0x42,0x08,0x42,0x08,0x42,0x08,0x42,0x08,
  0x42,0x08,0x62,0x08,0x62,0x08,0x62,0x08,0x62,0x08,0x62,0x08,0x42,0x08,0x42,0x08,0x42,0x08,0x42,0x08,0x42,0x08,0x42,0x08,
  0x42,0x08,0x42,0x08,0x42,0x08,0x42,0x08,0x42,0x08,0x42,0x08,0x42,0x08,0x90,0x2C,0x12,0x35,0x12,0x35,0x12,0x35,0x12,0x35,
  0x65,0x11,0x42,0x08,0x42,0x08,0x42,0x08,0x42,0x08,0x42,0x08,0x42,0x08,0x42,0x08,0x42,0x08,0x42,0x08,0x42,0x08,0x42,0x08,
  0x62,0x08,0x42,0x08,0x42,0x08,0x42,0x08,0x42,0x08,0x42,0x08,0x42,0x08,0x42,0x08,0x42,0x08,0x42,0x08,0x42,0x08,0x42,0x08,
  0x42,0x08,0x62,0x08,0x42,0x08,0xEA,0x22,0x12,0x35,0x11,0x35,0x11,0x35,0x12,0x35,0xEA,0x22,0x42,0x08,0x62,0x08,0x42,0x08,
  0x42,0x08,0x42,0x08,0x42,0x08,0x42,0x08,0x62,0x08,0x42,0x08,0x42,0x08,0x42,0x08,0x42,0x08,0x42,0x08,0x42,0x08,0x42,0x08,
  0x62,0x08,0x42,0x08,0x42,0x08,0x42,0x08,0x42,0x08,0x62,0x08,0x42,0x08,0xA6,0x11,0x12,0x35,0x11,0x35,0x12,0x35,0x12,0x35,
  0x12,0x35,0x12,0x35,0x2B,0x23,0xE3,0x08,0x42,0x08,0x42,0x08,0x42,0x08,0x42,0x08,0x42,0x08,0x42,0x08,0x45,0x11,0x89,0x1A,
  0x62,0x08,0x42,0x08,0x42,0x08,0x42,0x08,0x62,0x08,0x42,0x08,0x42,0x08,0x42,0x08,0x42,0x08,0x42,0x08,0x42,0x08,0x42,0x08,
  0x42,0x08,0x42,0x08,0x62,0x08,0x42,0x08,0x42,0x08,0x42,0x08,0x42,0x08,0x42,0x08,0x42,0x08,0x42,0x08,0x42,0x08,0x42,0x08,
  0x42,0x08,0x42,0x08,0x42,0x08,0x42,0x08,0x42,0x08,0x42,0x08,0x42,0x08,0x42,0x08,0x42,0x08,0x42,0x08,0x42,0x08,0x42,0x08,
  0x42,0x08,0x62,0x08,0x42,0x08,0x42,0x08,0x42,0x08,0x42,0x08,0x42,0x08,0x42,0x08,0x42,0x08,0x62,0x08,0x42,0x08,0x42,0x08,
  0x42,0x08,0x42,0x08,0x42,0x08,0x62,0x08,0x62,0x08,0x62,0x08,0x62,0x08,0x62,0x08,0x82,0x08,0xB0,0x2C,0x12,0x35,0x12,0x35,
  0x12,0x35,0x12,0x35,0xA6,0x11,0x62,0x08,0x62,0x08,0x62,0x08,0x62,0x08,0x62,0x08,0x42,0x08,0x42,0x08,0x42,0x08,0x42,0x08,
  0x42,0x08,0x42,0x08,0x42,0x08,0x42,0x08,0x25,0x11,0x28,0x1A,0x89,0x1A,0x69,0x1A,0xE7,0x11,0xE4,0x08,0x42,0x08,0x42,0x08,
  0x42,0x08,0x42,0x08,0x42,0x08,0x62,0x08,0x42,0x08,0xEA,0x22,0x12,0x35,0x11,0x35,0x11,0x35,0x12,0x35,0xEA,0x22,0x42,0x08,
  0x62,0x08,0x42,0x08,0x42,0x08,0x42,0x08,0x62,0x08,0x42,0x08,0x42,0x08,0xC3,0x08,0xC7,0x11,0x69,0x1A,0x89,0x1A,0x28,0x1A,
  0x45,0x11,0x42,0x08,0x42,0x08,0x42,0x08,0x42,0x08,0x42,0x08,0x42,0x08,0x42,0x08,0x62,0x08,0x4F,0x2C,0x12,0x35,0x11,0x35,
  0x12,0x35,0x11,0x35,0x12,0x35,0x48,0x1A,0x42,0x08,0x42,0x08,0x62,0x08,0x62,0x08,0x62,0x08,0x62,0x08,0x62,0x08,0x42,0x08,
  0x42,0x08,0x42,0x08,0x42,0x08,0x42,0x08,0x42,0x08,0x42,0x08,0x42,0x08,0x42,0x08,0xA3,0x08,0x45,0x11,0x07,0x1A,0x89,0x1A,
  0x89,0x1A,0x28,0x1A,0x65,0x11,0x62,0x08,0x42,0x08,0x42,0x08,0x42,0x08,0x42,0x08,0x42,0x08,0x42,0x08,0x42,0x08,0x82,0x08,
  0x83,0x08,0x83,0x08,0x83,0x08,0x83,0x08,0x62,0x08,0x42,0x08,0xA3,0x08,0xE7,0x11,0x89,0x1A,0xE7,0x11,0x42,0x08,0x42,0x08,
  0x42,0x08,0x42,0x08,0x42,0x08,0x42,0x08,0x82,0x08,0x86,0x11,0x48,0x1A,0x89,0x1A,0x48,0x1A,0xA6,0x11,0xA3,0x08,0x42,0x08,
  0x42,0x08,0x42,0x08,0x42,0x08,0x42,0x08,0x42,0x08,0x42,0x08,0x42,0x08,0x42,0x08,0x42,0x08,0x42,0x08,0x82,0x08,0xB0,0x2C,
  0x12,0x35,0x12,0x35,0x12,0x35,0x12,0x35,0xA6,0x11,0x42,0x08,0x62,0x08,0x42,0x08,0x42,0x08,0x42,0x08,0x42,0x08,0x42,0x08,
  0x42,0x08,0x42,0x08,0x42,0x08,0x42,0x08,0xC7,0x11,0x0E,0x2C,0x12,0x35,0x12,0x35,0x12,0x35,0x12,0x35,0x12,0x35,0xF1,0x34,
  0x8D,0x23,0x04,0x09,0x42,0x08,0x42,0x08,0x42,0x08,0x62,0x08,0x42,0x08,0xEA,0x22,0x12,0x35,0x11,0x35,0x11,0x35,0x12,0x35,
  0xEA,0x22,0x42,0x08,0x62,0x08,0x42,0x08,0x42,0x08,0x62,0x08,0x42,0x08,0xE4,0x08,0x4C,0x23,0xD1,0x34,0x12,0x35,0x12,0x35,
  0x12,0x35,0x12,0x35,0x12,0x35,0x2F,0x2C,0x07,0x1A,0x42,0x08,0x42,0x08,0x42,0x08,0x62,0x08,0x42,0x08,0x86,0x11,0x12,0x35,
  0x12,0x35,0x12,0x35,0x11,0x35,0x12,0x35,0x2B,0x23,0x42,0x08,0x62,0x08,0x42,0x08,0x42,0x08,0x42,0x08,0x42,0x08,0x42,0x08,
  0x42,0x08,0x42,0x08,0x42,0x08,0x62,0x08,0x42,0x08,0x42,0x08,0x42,0x08,0x62,0x08,0x07,0x1A,0xAD,0x23,0xB0,0x2C,0x12,0x35,
  0x12,0x35,0x12,0x35,0x12,0x35,0x12,0x35,0x12,0x35,0x6F,0x2C,0x28,0x1A,0x42,0x08,0x42,0x08,0x42,0x08,0x42,0x08,0x42,0x08,
  0x42,0x08,0x0E,0x2C,0xD1,0x34,0xB0,0x34,0xD0,0x34,0xD1,0x34,0x04,0x11,0x65,0x11,0x90,0x2C,0x12,0x35,0x12,0x35,0x90,0x2C,
  0x42,0x08,0x42,0x08,0x62,0x08,0x42,0x08,0x62,0x08,0xA9,0x1A,0x90,0x2C,0x12,0x35,0x12,0x35,0x12,0x35,0x12,0x35,0x12,0x35,
  0xB0,0x2C,0xCA,0x1A,0x62,0x08,0x42,0x08,0x42,0x08,0x42,0x08,0x42,0x08,0x42,0x08,0x42,0x08,0x42,0x08,0x42,0x08,0x42,0x08,
  0x82,0x08,0xB0,0x2C,0x12,0x35,0x12,0x35,0x12,0x35,0x12,0x35,0xA6,0x11,0x42,0x08,0x62,0x08,0x42,0x08,0x42,0x08,0x42,0x08,
  0x42,0x08,0x42,0x08,0x42,0x08,0x62,0x08,0x42,0x08,0xEB,0x22,0x12,0x35,0x12,0x35,0x12,0x35,0x11,0x35,0x12,0x35,0x12,0x35,
  0xF1,0x34,0x12,0x35,0x12,0x35,0xD1,0x34,0x65,0x11,0x42,0x08,0x42,0x08,0x62,0x08,0x42,0x08,0xEA,0x22,0x12,0x35,0x11,0x35,
  0x11,0x35,0x12,0x35,0xEA,0x22,0x42,0x08,0x62,0x08,0x42,0x08,0x42,0x08,0x42,0x08,0xA6,0x11,0xB0,0x34,0x12,0x35,0x12,0x35,
  0xF1,0x34,0x12,0x35,0x12,0x35,0x11,0x35,0x12,0x35,0x12,0x35,0x12,0x35,0xCA,0x1A,0x42,0x08,0x62,0x08,0x62,0x08,0x42,0x08,
  0x2B,0x23,0x12,0x35,0x11,0x35,0x12,0x35,0x12,0x35,0xD1,0x34,0xC3,0x08,0x42,0x08,0x42,0x08,0x42,0x08,0x42,0x08,0x42,0x08,
  0x42,0x08,0x42,0x08,0x42,0x08,0x42,0x08,0x42,0x08,0x42,0x08,0x42,0x08,0x42,0x08,0x42,0x08,0x25,0x11,0x12,0x35,0x12,0x35,
  0x12,0x35,0x12,0x35,0x12,0x35,0x12,0x35,0x11,0x35,0xF1,0x34,0x12,0x35,0x12,0x35,0x12,0x35,0xEA,0x22,0x42,0x08,0x42,0x08,
  0x42,0x08,0x42,0x08,0x42,0x08,0x6F,0x2C,0x12,0x35,0x12,0x35,0x12,0x35,0x12,0x35,0xE7,0x11,0xB0,0x2C,0x12,0x35,0xF1,0x34,
  0xF1,0x34,0x4F,0x2C,0x42,0x08,0x42,0x08,0x42,0x08,0xC3,0x08,0x0E,0x2C,0x12,0x35,0x12,0x35,0x11,0x35,0x11,0x35,0x12,0x35,
  0x11,0x35,0x11,0x35,0x12,0x35,0x12,0x35,0xEE,0x2B,0x82,0x08,0x42,0x08,0x42,0x08,0x42,0x08,0x42,0x08,0x42,0x08,0x42,0x08,
  0x42,0x08,0x42,0x08,0x82,0x08,0xB0,0x2C,0x12,0x35,0x12,0x35,0x12,0x35,0x12,0x35,0xA6,0x11,0x42,0x08,0x62,0x08,0x42,0x08,
  0x42,0x08,0x42,0x08,0x42,0x08,0x42,0x08,0x62,0x08,0x42,0x08,0xEA,0x22,0x12,0x35,0x11,0x35,0x11,0x35,0x12,0x35,0x12,0x35,
  0xB0,0x2C,0xF1,0x34,0x12,0x35,0x12,0x35,0x11,0x35,0x12,0x35,0xB0,0x2C,0xA3,0x08,0x42,0x08,0x62,0x08,0x42,0x08,0xEA,0x22,
  0x12,0x35,0x11,0x35,0x11,0x35,0x12,0x35,0xEA,0x22,0x42,0x08,0x62,0x08,0x42,0x08,0x42,0x08,0x45,0x11,0xF1,0x34,0x12,0x35,
  0x11,0x35,0x12,0x35,0x12,0x35,0xF1,0x34,0xB0,0x34,0x12,0x35,0x12,0x35,0x11,0x35,0x11,0x35,0x12,0x35,0x07,0x1A,0x42,0x08,
  0x62,0x08,0x42,0x08,0x2F,0x2C,0x12,0x35,0x12,0x35,0x11,0x35,0x12,0x35,0xAD,0x23,0x42,0x08,0x42,0x08,0x42,0x08,0x42,0x08,
  0x42,0x08,0x42,0x08,0x42,0x08,0x42,0x08,0x42,0x08,0x42,0x08,0x42,0x08,0x42,0x08,0x42,0x08,0x42,0x08,0x42,0x08,0x25,0x11,
  0xF1,0x34,0x12,0x35,0x12,0x35,0x12,0x35,0xF1,0x34,0xB0,0x34,0x12,0x35,0x12,0x35,0x12,0x35,0x12,0x35,0x11,0x35,0x12,0x35,
  0x86,0x11,0x42,0x08,0x62,0x08,0x42,0x08,0x42,0x08,0x4F,0x2C,0x12,0x35,0x11,0x35,0x12,0x35,0xF1,0x34,0x2F,0x2C,0x12,0x35,
  0x12,0x35,0x12,0x35,0x12,0x35,0x4F,0x2C,0x42,0x08,0x42,0x08,0x82,0x08,0x2E,0x2C,0x12,0x35,0x11,0x35,0x11,0x35,0x12,0x35,
  0x12,0x35,0xB0,0x2C,0x12,0x35,0x12,0x35,0x12,0x35,0xF1,0x34,0x12,0x35,0x6C,0x23,0x42,0x08,0x62,0x08,0x42,0x08,0x42,0x08,
  0x42,0x08,0x42,0x08,0x42,0x08,0x42,0x08,0x82,0x08,0xB0,0x2C,0x12,0x35,0x12,0x35,0x12,0x35,0x12,0x35,0xA6,0x11,0x42,0x08,
  0x62,0x08,0x42,0x08,0x42,0x08,0x42,0x08,0x42,0x08,0x62,0x08,0x42,0x08,0x86,0x11,0x12,0x35,0x11,0x35,0x12,0x35,0x12,0x35,
  0xD1,0x34,0xC7,0x11,0xA3,0x08,0xC3,0x08,0xCA,0x1A,0x12,0x35,0x12,0x35,0x11,0x35,0x12,0x35,0xEA,0x22,0x42,0x08,0x62,0x08,
  0x42,0x08,0xEA,0x22,0x12,0x35,0x11,0x35,0x11,0x35,0x12,0x35,0xEA,0x22,0x42,0x08,0x62,0x08,0x42,0x08,0x62,0x08,0x4F,0x2C,
  0x12,0x35,0x11,0x35,0x12,0x35,0x12,0x35,0xEA,0x22,0xC3,0x08,0xA3,0x08,0xC6,0x11,0xB0,0x2C,0x12,0x35,0x11,0x35,0x12,0x35,
  0x90,0x2C,0x82,0x08,0x42,0x08,0xA3,0x08,0xB0,0x34,0x12,0x35,0x12,0x35,0x11,0x35,0x12,0x35,0x89,0x1A,0x42,0x08,0x62,0x08,
  0x42,0x08,0x42,0x08,0x42,0x08,0x42,0x08,0x42,0x08,0x42,0x08,0x42,0x08,0x42,0x08,0x42,0x08,0x42,0x08,0x42,0x08,0x42,0x08,
  0x42,0x08,0x45,0x11,0x12,0x35,0x6F,0x2C,0xAA,0x1A,0x65,0x11,0xC3,0x08,0xA3,0x08,0x24,0x11,0x4C,0x23,0x12,0x35,0x12,0x35,
  0x11,0x35,0x12,0x35,0xAD,0x23,0x42,0x08,0x62,0x08,0x42,0x08,0x42,0x08,0x4F,0x2C,0x12,0x35,0x12,0x35,0x12,0x35,0x12,0x35,
  0x12,0x35,0x12,0x35,0x11,0x35,0x6F,0x2C,0xB0,0x2C,0x6F,0x2C,0x62,0x08,0x42,0x08,0xEA,0x22,0x12,0x35,0x11,0x35,0x12,0x35,
  0x12,0x35,0xEE,0x2B,0x25,0x11,0xA3,0x08,0x25,0x11,0xEE,0x2B,0x12,0x35,0x12,0x35,0x11,0x35,0x12,0x35,0x65,0x11,0x42,0x08,
  0x42,0x08,0x42,0x08,0x42,0x08,0x42,0x08,0x42,0x08,0x42,0x08,0x82,0x08,0xB0,0x2C,0x12,0x35,0x12,0x35,0x12,0x35,0x12,0x35,
  0xA6,0x11,0x42,0x08,0x62,0x08,0x42,0x08,0x42,0x08,0x42,0x08,0x42,0x08,0x42,0x08,0x42,0x08,0xCD,0x2B,0x12,0x35,0x11,0x35,
  0x12,0x35,0x12,0x35,0xC7,0x11,0x42,0x08,0x62,0x08,0x42,0x08,0x42,0x08,0xEE,0x2B,0x12,0x35,0x11,0x35,0x12,0x35,0x90,0x2C,
  0x62,0x08,0x42,0x08,0x42,0x08,0xEA,0x22,0x12,0x35,0x11,0x35,0x11,0x35,0x12,0x35,0xEA,0x22,0x42,0x08,0x62,0x08,0x42,0x08,
  0xE7,0x19,0x12,0x35,0x11,0x35,0x11,0x35,0x12,0x35,0x8D,0x23,0x42,0x08,0x42,0x08,0x62,0x08,0x42,0x08,0x28,0x1A,0x12,0x35,
  0x11,0x35,0x11,0x35,0x12,0x35,0xC6,0x11,0x42,0x08,0xE4,0x08,0xF1,0x34,0x12,0x35,0x12,0x35,0x11,0x35,0x12,0x35,0x28,0x1A,
  0x42,0x08,0x62,0x08,0x42,0x08,0x42,0x08,0x42,0x08,0x42,0x08,0x42,0x08,0x42,0x08,0x42,0x08,0x42,0x08,0x42,0x08,0x42,0x08,
  0x42,0x08,0x42,0x08,0x42,0x08,0x24,0x11,0x69,0x1A,0x62,0x08,0x42,0x08,0x42,0x08,0x42,0x08,0x42,0x08,0x42,0x08,0x42,0x08,
  0x2F,0x2C,0x12,0x35,0x11,0x35,0x12,0x35,0x90,0x2C,0x82,0x08,0x42,0x08,0x42,0x08,0x42,0x08,0x4F,0x2C,0x12,0x35,0x12,0x35,
  0x12,0x35,0x12,0x35,0x12,0x35,0xCD,0x23,0x24,0x11,0x62,0x08,0x82,0x08,0x45,0x11,0x62,0x08,0xC3,0x08,0xF1,0x34,0x12,0x35,
  0x11,0x35,0x12,0x35,0xB0,0x2C,0xA3,0x08,0x42,0x08,0x62,0x08,0x42,0x08,0xE3,0x08,0xF1,0x34,0x12,0x35,0x11,0x35,0x12,0x35,
  0x2B,0x23,0x42,0x08,0x42,0x08,0x42,0x08,0x42,0x08,0x42,0x08,0x42,0x08,0x42,0x08,0x82,0x08,0xB0,0x2C,0x12,0x35,0x12,0x35,
  0x12,0x35,0x12,0x35,0xA6,0x11,0x42,0x08,0x62,0x08,0x42,0x08,0x42,0x08,0x42,0x08,0x42,0x08,0x42,0x08,0xC3,0x08,0xF1,0x34,
  0x12,0x35,0x11,0x35,0x12,0x35,0xEE,0x2B,0x42,0x08,0x42,0x08,0x42,0x08,0x42,0x08,0x42,0x08,0x48,0x1A,0x12,0x35,0x11,0x35,
  0x12,0x35,0x12,0x35,0x24,0x11,0x42,0x08,0x42,0x08,0xEA,0x22,0x12,0x35,0x11,0x35,0x11,0x35,0x12,0x35,0xEA,0x22,0x42,0x08,
  0x62,0x08,0x42,0x08,0xAD,0x23,0x12,0x35,0x11,0x35,0x12,0x35,0x11,0x35,0xE3,0x08,0x42,0x08,0x42,0x08,0x42,0x08,0x42,0x08,
  0x82,0x08,0xF1,0x34,0x12,0x35,0x11,0x35,0x12,0x35,0xEA,0x22,0x42,0x08,0x04,0x09,0x11,0x35,0x12,0x35,0x12,0x35,0x11,0x35,
  0x12,0x35,0x28,0x1A,0x42,0x08,0x62,0x08,0x42,0x08,0x42,0x08,0x42,0x08,0x42,0x08,0x42,0x08,0x42,0x08,0x42,0x08,0x42,0x08,
  0x42,0x08,0x42,0x08,0x42,0x08,0x42,0x08,0x42,0x08,0x42,0x08,0x42,0x08,0x42,0x08,0x42,0x08,0x42,0x08,0x42,0x08,0x42,0x08,
  0xA3,0x08,0x04,0x09,0xCD,0x23,0x12,0x35,0x11,0x35,0x12,0x35,0x11,0x35,0xE4,0x08,0x42,0x08,0x42,0x08,0x42,0x08,0x4F,0x2C,
  0x12,0x35,0x12,0x35,0x12,0x35,0x12,0x35,0x6F,0x2C,0x82,0x08,0x42,0x08,0x42,0x08,0x42,0x08,0x42,0x08,0x42,0x08,0x28,0x1A,
  0x12,0x35,0x11,0x35,0x11,0x35,0x12,0x35,0x48,0x1A,0x42,0x08,0x42,0x08,0x42,0x08,0x42,0x08,0x42,0x08,0xEE,0x2B,0x12,0x35,
  0x11,0x35,0x12,0x35,0x2E,0x2C,0x42,0x08,0x42,0x08,0x42,0x08,0x42,0x08,0x42,0x08,0x42,0x08,0x42,0x08,0x82,0x08,0xB0,0x2C,
  0x12,0x35,0x12,0x35,0x12,0x35,0x12,0x35,0xA6,0x11,0x42,0x08,0x62,0x08,0x42,0x08,0x42,0x08,0x42,0x08,0x62,0x08,0x42,0x08,
  0xC6,0x11,0x12,0x35,0x12,0x35,0x12,0x35,0x12,0x35,0xEE,0x2B,0x69,0x1A,0x69,0x1A,0x69,0x1A,0x69,0x1A,0x69,0x1A,0x6C,0x23,
  0x12,0x35,0x12,0x35,0x12,0x35,0x12,0x35,0xA6,0x11,0x42,0x08,0x42,0x08,0xEA,0x22,0x12,0x35,0x11,0x35,0x11,0x35,0x12,0x35,
  0xEA,0x22,0x42,0x08,0x42,0x08,0x62,0x08,0x70,0x2C,0x12,0x35,0x12,0x35,0x12,0x35,0xF1,0x34,0x89,0x1A,0x69,0x1A,0x69,0x1A,
  0x69,0x1A,0x69,0x1A,0xA9,0x1A,0xF1,0x34,0x12,0x35,0x11,0x35,0x12,0x35,0x8C,0x23,0x42,0x08,0xE4,0x08,0xF1,0x34,0x12,0x35,
  0x12,0x35,0x11,0x35,0x12,0x35,0x89,0x1A,0x42,0x08,0x62,0x08,0x42,0x08,0x42,0x08,0x42,0x08,0x42,0x08,0x42,0x08,0x42,0x08,
  0x42,0x08,0x42,0x08,0x42,0x08,0x42,0x08,0x42,0x08,0x42,0x08,0x42,0x08,0x42,0x08,0x42,0x08,0xC3,0x08,0x07,0x1A,0xEB,0x22,
  0xAD,0x23,0x2F,0x2C,0xB0,0x2C,0x11,0x35,0x12,0x35,0x12,0x35,0x12,0x35,0x12,0x35,0x12,0x35,0x24,0x11,0x42,0x08,0x42,0x08,
  0x42,0x08,0x4F,0x2C,0x12,0x35,0x12,0x35,0x11,0x35,0x12,0x35,0xA9,0x1A,0x42,0x08,0x62,0x08,0x42,0x08,0x42,0x08,0x62,0x08,
  0x42,0x08,0x2B,0x23,0x12,0x35,0x11,0x35,0x12,0x35,0x12,0x35,0x2B,0x23,0x69,0x1A,0x69,0x1A,0x69,0x1A,0x69,0x1A,0x69,0x1A,
  0x4F,0x2C,0x12,0x35,0x11,0x35,0x12,0x35,0x90,0x2C,0x82,0x08,0x42,0x08,0x42,0x08,0x42,0x08,0x42,0x08,0x42,0x08,0x42,0x08,
  0x82,0x08,0xB0,0x2C,0x12,0x35,0x12,0x35,0x12,0x35,0x12,0x35,0xA6,0x11,0x42,0x08,0x62,0x08,0x42,0x08,0x42,0x08,0x42,0x08,
  0x62,0x08,0x42,0x08,0x48,0x1A,0x12,0x35,0x11,0x35,0x12,0x35,0x12,0x35,0x12,0x35,0x12,0x35,0x12,0x35,0x12,0x35,0x12,0x35,
  0x12,0x35,0x12,0x35,0x11,0x35,0x11,0x35,0xF1,0x34,0x11,0x35,0xE7,0x11,0x42,0x08,0x42,0x08,0xEA,0x22,0x12,0x35,0x11,0x35,
  0x11,0x35,0x12,0x35,0xEA,0x22,0x42,0x08,0x42,0x08,0xA3,0x08,0xD1,0x34,0x12,0x35,0x12,0x35,0x12,0x35,0x12,0x35,0x12,0x35,
  0x12,0x35,0x12,0x35,0x12,0x35,0x12,0x35,0x12,0x35,0x12,0x35,0x11,0x35,0xF1,0x34,0x11,0x35,0xAD,0x23,0x42,0x08,0xA3,0x08,
  0xB0,0x2C,0x12,0x35,0x12,0x35,0x11,0x35,0x12,0x35,0x6C,0x23,0x42,0x08,0x62,0x08,0x42,0x08,0x42,0x08,0x42,0x08,0x42,0x08,
  0x42,0x08,0x42,0x08,0x42,0x08,0x42,0x08,0x42,0x08,0x42,0x08,0x42,0x08,0x42,0x08,0x42,0x08,0x62,0x08,0xCA,0x1A,0xD1,0x34,
  0x12,0x35,0x12,0x35,0x12,0x35,0x12,0x35,0x12,0x35,0x12,0x35,0x12,0x35,0x12,0x35,0x12,0x35,0x12,0x35,0x12,0x35,0x24,0x11,
  0x42,0x08,0x42,0x08,0x42,0x08,0x4F,0x2C,0x12,0x35,0x12,0x35,0x11,0x35,0x12,0x35,0xA6,0x11,0x42,0x08,0x62,0x08,0x42,0x08,
  0x42,0x08,0x42,0x08,0x42,0x08,0xCD,0x23,0x12,0x35,0x11,0x35,0x12,0x35,0x12,0x35,0x12,0x35,0x12,0x35,0x12,0x35,0x12,0x35,
  0x12,0x35,0x12,0x35,0x12,0x35,0x11,0x35,0x11,0x35,0x11,0x35,0xB0,0x2C,0xA3,0x08,0x42,0x08,0x42,0x08,0x42,0x08,0x42,0x08,
  0x42,0x08,0x42,0x08,0x82,0x08,0xB0,0x2C,0x12,0x35,0x12,0x35,0x12,0x35,0x12,0x35,0xA6,0x11,0x42,0x08,0x62,0x08,0x42,0x08,
  0x42,0x08,0x42,0x08,0x62,0x08,0x42,0x08,0x69,0x1A,0x12,0x35,0x11,0x35,0x12,0x35,0x12,0x35,0x12,0x35,0x12,0x35,0x12,0x35,
  0x12,0x35,0x12,0x35,0x12,0x35,0x12,0x35,0x12,0x35,0x12,0x35,0x12,0x35,0x12,0x35,0x07,0x1A,0x42,0x08,0x42,0x08,0xEA,0x22,
  0x12,0x35,0x11,0x35,0x11,0x35,0x12,0x35,0xEA,0x22,0x42,0x08,0x42,0x08,0xE3,0x08,0xF1,0x34,0x12,0x35,0x12,0x35,0x12,0x35,
  0x12,0x35,0x12,0x35,0x12,0x35,0x12,0x35,0x12,0x35,0x12,0x35,0x12,0x35,0x12,0x35,0x12,0x35,0x12,0x35,0x12,0x35,0xEE,0x2B,
  0x42,0x08,0x42,0x08,0x2E,0x2C,0x12,0x35,0x12,0x35,0x12,0x35,0x12,0x35,0xB0,0x2C,0x82,0x08,0x42,0x08,0x42,0x08,0x42,0x08,
  0x42,0x08,0x42,0x08,0x42,0x08,0x42,0x08,0x42,0x08,0x42,0x08,0x42,0x08,0x42,0x08,0x42,0x08,0x42,0x08,0x42,0x08,0x6C,0x23,
  0x12,0x35,0x12,0x35,0x11,0x35,0x12,0x35,0x12,0x35,0xF1,0x34,0x90,0x2C,0xEE,0x2B,0x90,0x2C,0x12,0x35,0x12,0x35,0x12,0x35,
  0x12,0x35,0x24,0x11,0x42,0x08,0x42,0x08,0x42,0x08,0x4F,0x2C,0x12,0x35,0x12,0x35,0x12,0x35,0x12,0x35,0x65,0x11,0x42,0x08,
  0x62,0x08,0x42,0x08,0x42,0x08,0x42,0x08,0x42,0x08,0xEE,0x2B,0x12,0x35,0x11,0x35,0x12,0x35,0x12,0x35,0x12,0x35,0x12,0x35,
  0x12,0x35,0x12,0x35,0x12,0x35,0x12,0x35,0x12,0x35,0x12,0x35,0x12,0x35,0x12,0x35,0x11,0x35,0xA3,0x08,0x42,0x08,0x42,0x08,
  0x42,0x08,0x42,0x08,0x42,0x08,0x42,0x08,0x82,0x08,0xB0,0x2C,0x12,0x35,0x12,0x35,0x12,0x35,0x12,0x35,0xA6,0x11,0x42,0x08,
  0x62,0x08,0x42,0x08,0x42,0x08,0x42,0x08,0x62,0x08,0x42,0x08,0x48,0x1A,0x12,0x35,0x11,0x35,0x12,0x35,0x12,0x35,0x70,0x2C,
  0xAD,0x23,0xAD,0x23,0xAD,0x23,0xAD,0x23,0xAD,0x23,0xAD,0x23,0xAD,0x23,0xAD,0x23,0x8D,0x23,0xAD,0x23,0x65,0x11,0x42,0x08,
  0x42,0x08,0xEA,0x22,0x12,0x35,0x11,0x35,0x11,0x35,0x12,0x35,0xEA,0x22,0x42,0x08,0x42,0x08,0xC3,0x08,0xF1,0x34,0x12,0x35,
  0x12,0x35,0x12,0x35,0xF1,0x34,0xAD,0x23,0xAD,0x23,0xAD,0x23,0xAD,0x23,0xAD,0x23,0xAD,0x23,0xAD,0x23,0xAD,0x23,0x8D,0x23,
  0xAD,0x23,0xA9,0x1A,0x42,0x08,0x42,0x08,0x0B,0x23,0x12,0x35,0x11,0x35,0x12,0x35,0x11,0x35,0x12,0x35,0xAA,0x1A,0x42,0x08,
  0x62,0x08,0x42,0x08,0x42,0x08,0x42,0x08,0x42,0x08,0x42,0x08,0x42,0x08,0x42,0x08,0x62,0x08,0x42,0x08,0x62,0x08,0x42,0x08,
  0xC6,0x11,0x12,0x35,0x11,0x35,0x11,0x35,0x12,0x35,0x2F,0x2C,0xC6,0x11,0xE4,0x08,0x82,0x08,0x42,0x08,0x2B,0x23,0x12,0x35,
  0x11,0x35,0x12,0x35,0x12,0x35,0x24,0x11,0x42,0x08,0x42,0x08,0x42,0x08,0x4F,0x2C,0x12,0x35,0x12,0x35,0x12,0x35,0x12,0x35,
  0x65,0x11,0x42,0x08,0x62,0x08,0x42,0x08,0x42,0x08,0x42,0x08,0x42,0x08,0xCD,0x23,0x12,0x35,0x11,0x35,0x12,0x35,0x12,0x35,
  0x0E,0x2C,0xAD,0x23,0xAD,0x23,0xAD,0x23,0xAD,0x23,0xAD,0x23,0xAD,0x23,0xAD,0x23,0x8D,0x23,0xAD,0x23,0x6C,0x23,0x82,0x08,
  0x42,0x08,0x42,0x08,0x42,0x08,0x42,0x08,0x42,0x08,0x42,0x08,0x82,0x08,0xB0,0x2C,0x12,0x35,0x12,0x35,0x12,0x35,0x12,0x35,
  0xA6,0x11,0x42,0x08,0x62,0x08,0x42,0x08,0x42,0x08,0x42,0x08,0x62,0x08,0x42,0x08,0xC6,0x11,0x12,0x35,0x12,0x35,0x11,0x35,
  0x12,0x35,0x8C,0x23,0x42,0x08,0x42,0x08,0x42,0x08,0x42,0x08,0x42,0x08,0x42,0x08,0x42,0x08,0x42,0x08,0x42,0x08,0x42,0x08,
  0x42,0x08,0x62,0x08,0x42,0x08,0xEA,0x22,0x12,0x35,0x11,0x35,0x11,0x35,0x12,0x35,0xEA,0x22,0x42,0x08,0x42,0x08,0x62,0x08,
  0x90,0x2C,0x12,0x35,0x11,0x35,0x12,0x35,0xF1,0x34,0x83,0x08,0x42,0x08,0x42,0x08,0x42,0x08,0x42,0x08,0x42,0x08,0x42,0x08,
  0x42,0x08,0x42,0x08,0x42,0x08,0x42,0x08,0x62,0x08,0x42,0x08,0x65,0x11,0x12,0x35,0x11,0x35,0x12,0x35,0x12,0x35,0x12,0x35,
  0x11,0x35,0xC7,0x11,0x42,0x08,0x42,0x08,0x62,0x08,0x62,0x08,0x62,0x08,0x62,0x08,0x42,0x08,0x42,0x08,0x42,0x08,0x42,0x08,
  0x62,0x08,0x42,0x08,0x6C,0x23,0x12,0x35,0x11,0x35,0x12,0x35,0xD1,0x34,0xE4,0x08,0x42,0x08,0x42,0x08,0x42,0x08,0x42,0x08,
  0xAD,0x23,0x12,0x35,0x11,0x35,0x12,0x35,0x12,0x35,0x24,0x11,0x42,0x08,0x42,0x08,0x42,0x08,0x4F,0x2C,0x12,0x35,0x12,0x35,
  0x12,0x35,0x12,0x35,0x65,0x11,0x42,0x08,0x62,0x08,0x42,0x08,0x42,0x08,0x62,0x08,0x42,0x08,0x4B,0x23,0x12,0x35,0x11,0x35,
  0x11,0x35,0x12,0x35,0xE7,0x11,0x42,0x08,0x42,0x08,0x42,0x08,0x42,0x08,0x42,0x08,0x42,0x08,0x42,0x08,0x42,0x08,0x42,0x08,
  0x42,0x08,0x42,0x08,0x42,0x08,0x42,0x08,0x42,0x08,0x42,0x08,0x42,0x08,0x42,0x08,0x82,0x08,0xB0,0x2C,0x12,0x35,0x12,0x35,
  0x12,0x35,0x12,0x35,0xA6,0x11,0x42,0x08,0x62,0x08,0x42,0x08,0x42,0x08,0x42,0x08,0x42,0x08,0x42,0x08,0xE3,0x08,0xF1,0x34,
  0x12,0x35,0x12,0x35,0x12,0x35,0xD1,0x34,0xE4,0x08,0x42,0x08,0x62,0x08,0x62,0x08,0x62,0x08,0x62,0x08,0x42,0x08,0x42,0x08,
  0x42,0x08,0x62,0x08,0x42,0x08,0x62,0x08,0x42,0x08,0xEA,0x22,0x12,0x35,0x11,0x35,0x11,0x35,0x12,0x35,0xEA,0x22,0x42,0x08,
  0x62,0x08,0x42,0x08,0xAD,0x23,0x12,0x35,0x11,0x35,0x11,0x35,0x12,0x35,0x89,0x1A,0x42,0x08,0x62,0x08,0x62,0x08,0x62,0x08,
  0x62,0x08,0x62,0x08,0x42,0x08,0x42,0x08,0x42,0x08,0x42,0x08,0x42,0x08,0x42,0x08,0x42,0x08,0xEE,0x2B,0x12,0x35,0x11,0x35,
  0x12,0x35,0x12,0x35,0x12,0x35,0x12,0x35,0xAA,0x1A,0xA3,0x08,0x42,0x08,0x42,0x08,0x42,0x08,0x42,0x08,0x42,0x08,0xA3,0x08,
  0x28,0x1A,0x8C,0x23,0x62,0x08,0x42,0x08,0xEE,0x2B,0x12,0x35,0x11,0x35,0x12,0x35,0x70,0x2C,0x42,0x08,0x62,0x08,0x62,0x08,
  0x42,0x08,0x82,0x08,0xB0,0x2C,0x12,0x35,0x12,0x35,0x12,0x35,0x12,0x35,0x24,0x11,0x42,0x08,0x42,0x08,0x42,0x08,0x4F,0x2C,
  0x12,0x35,0x12,0x35,0x12,0x35,0x12,0x35,0x65,0x11,0x42,0x08,0x62,0x08,0x42,0x08,0x42,0x08,0x62,0x08,0x42,0x08,0x28,0x1A,
  0x12,0x35,0x11,0x35,0x11,0x35,0x12,0x35,0xEE,0x2B,0x42,0x08,0x42,0x08,0x62,0x08,0x62,0x08,0x62,0x08,0x62,0x08,0x42,0x08,
  0x42,0x08,0x42,0x08,0x62,0x08,0x42,0x08,0x42,0x08,0x42,0x08,0x42,0x08,0x42,0x08,0x42,0x08,0x42,0x08,0x82,0x08,0xB0,0x2C,
  0x12,0x35,0x12,0x35,0x12,0x35,0x12,0x35,0xA6,0x11,0x42,0x08,0x62,0x08,0x42,0x08,0x42,0x08,0x42,0x08,0x42,0x08,0x42,0x08,
  0x42,0x08,0xCD,0x2B,0x12,0x35,0x11,0x35,0x12,0x35,0x12,0x35,0x2E,0x2C,0x24,0x11,0x42,0x08,0x42,0x08,0x42,0x08,0x42,0x08,
  0x62,0x08,0x65,0x11,0xCA,0x1A,0x62,0x08,0x42,0x08,0x62,0x08,0x42,0x08,0xEA,0x22,0x12,0x35,0x11,0x35,0x11,0x35,0x12,0x35,
  0xEA,0x22,0x42,0x08,0x62,0x08,0x42,0x08,0x07,0x1A,0x12,0x35,0x11,0x35,0x12,0x35,0x12,0x35,0xF1,0x34,0x28,0x1A,0x62,0x08,
  0x42,0x08,0x42,0x08,0x42,0x08,0x42,0x08,0xE3,0x08,0xAA,0x1A,0x65,0x11,0x42,0x08,0x42,0x08,0x42,0x08,0x42,0x08,0x25,0x11,
  0x11,0x35,0x12,0x35,0x12,0x35,0x12,0x35,0x12,0x35,0x12,0x35,0x12,0x35,0xB0,0x34,0xAD,0x23,0xEA,0x22,0xAA,0x1A,0x0B,0x23,
  0xAD,0x23,0xB0,0x2C,0x12,0x35,0x90,0x2C,0x42,0x08,0x42,0x08,0xEE,0x2B,0x12,0x35,0x11,0x35,0x12,0x35,0x11,0x35,0xC7,0x11,
  0x42,0x08,0x42,0x08,0x82,0x08,0x6C,0x23,0x12,0x35,0x11,0x35,0x12,0x35,0x12,0x35,0x12,0x35,0x24,0x11,0x42,0x08,0x42,0x08,
  0x42,0x08,0x4F,0x2C,0x12,0x35,0x12,0x35,0x12,0x35,0x12,0x35,0x65,0x11,0x42,0x08,0x62,0x08,0x42,0x08,0x42,0x08,0x42,0x08,
  0x42,0x08,0xC3,0x08,0xF1,0x34,0x12,0x35,0x12,0x35,0x12,0x35,0x12,0x35,0x0B,0x23,0xA3,0x08,0x42,0x08,0x42,0x08,0x42,0x08,
  0x42,0x08,0x83,0x08,0x08,0x1A,0x28,0x1A,0x42,0x08,0x62,0x08,0x42,0x08,0x42,0x08,0x42,0x08,0x42,0x08,0x42,0x08,0x42,0x08,
  0x82,0x08,0xB0,0x2C,0x12,0x35,0x12,0x35,0x12,0x35,0x12,0x35,0xA6,0x11,0x42,0x08,0x62,0x08,0x42,0x08,0x42,0x08,0x42,0x08,
  0x42,0x08,0x62,0x08,0x42,0x08,0x65,0x11,0x12,0x35,0x11,0x35,0x12,0x35,0x12,0x35,0x12,0x35,0x11,0x35,0xEE,0x2B,0x4C,0x23,
  0x4C,0x23,0xAD,0x23,0x6F,0x2C,0x12,0x35,0xB0,0x2C,0x42,0x08,0x42,0x08,0x62,0x08,0x42,0x08,0xEA,0x22,0x12,0x35,0x11,0x35,
  0x11,0x35,0x12,0x35,0xEA,0x22,0x42,0x08,0x62,0x08,0x42,0x08,0x62,0x08,0x2F,0x2C,0x12,0x35,0x11,0x35,0x12,0x35,0x12,0x35,
  0x12,0x35,0x6F,0x2C,0x8C,0x23,0x4C,0x23,0x6C,0x23,0x0E,0x2C,0xD1,0x34,0x12,0x35,0xA6,0x11,0x42,0x08,0x62,0x08,0x42,0x08,
  0x62,0x08,0x42,0x08,0x28,0x1A,0x12,0x35,0x12,0x35,0x11,0x35,0x12,0x35,0x12,0x35,0x11,0x35,0x12,0x35,0x12,0x35,0x12,0x35,
  0x12,0x35,0x12,0x35,0x12,0x35,0x12,0x35,0x11,0x35,0x4F,0x2C,0x62,0x08,0x42,0x08,0x4B,0x23,0x12,0x35,0x11,0x35,0x12,0x35,
  0x12,0x35,0x11,0x35,0xAD,0x23,0x4C,0x23,0x6F,0x2C,0x12,0x35,0x12,0x35,0x12,0x35,0x12,0x35,0x12,0x35,0x12,0x35,0x24,0x11,
  0x42,0x08,0x42,0x08,0x42,0x08,0x4F,0x2C,0x12,0x35,0x12,0x35,0x12,0x35,0x12,0x35,0x65,0x11,0x42,0x08,0x62,0x08,0x42,0x08,
  0x42,0x08,0x42,0x08,0x62,0x08,0x42,0x08,0xCA,0x1A,0x12,0x35,0xF1,0x34,0x12,0x35,0x12,0x35,0x12,0x35,0xB0,0x34,0xAD,0x23,
  0x4C,0x23,0x4C,0x23,0xCE,0x2B,0x90,0x2C,0x12,0x35,0x2B,0x23,0x42,0x08,0x62,0x08,0x42,0x08,0x42,0x08,0x42,0x08,0x42,0x08,
  0x42,0x08,0x42,0x08,0x82,0x08,0x90,0x2C,0x11,0x35,0x11,0x35,0x11,0x35,0x11,0x35,0x86,0x11,0x42,0x08,0x62,0x08,0x42,0x08,
  0x42,0x08,0x42,0x08,0x42,0x08,0x42,0x08,0x42,0x08,0x42,0x08,0x89,0x1A,0x12,0x35,0x12,0x35,0x11,0x35,0x11,0x35,0x12,0x35,
  0x12,0x35,0x12,0x35,0x12,0x35,0x12,0x35,0x12,0x35,0x11,0x35,0x6F,0x2C,0x42,0x08,0x42,0x08,0x62,0x08,0x42,0x08,0xEA,0x22,
  0x11,0x35,0xF1,0x34,0xF1,0x34,0x11,0x35,0xEA,0x1A,0x42,0x08,0x62,0x08,0x42,0x08,0x42,0x08,0x24,0x11,0xD1,0x34,0x12,0x35,
  0x11,0x35,0x11,0x35,0x11,0x35,0x12,0x35,0x12,0x35,0x12,0x35,0x12,0x35,0x12,0x35,0x11,0x35,0x12,0x35,0xA6,0x11,0x42,0x08,
  0x62,0x08,0x42,0x08,0x42,0x08,0x62,0x08,0x42,0x08,0x28,0x1A,0x11,0x35,0x12,0x35,0x12,0x35,0x11,0x35,0x12,0x35,0x12,0x35,
  0x11,0x35,0x11,0x35,0x11,0x35,0x11,0x35,0x11,0x35,0xF1,0x34,0x12,0x35,0x70,0x2C,0x62,0x08,0x42,0x08,0x65,0x11,0x12,0x35,
  0x12,0x35,0x12,0x35,0x12,0x35,0x12,0x35,0x12,0x35,0x12,0x35,0x12,0x35,0xB0,0x2C,0x0E,0x2C,0x11,0x35,0x11,0x35,0x11,0x35,
  0x11,0x35,0x24,0x11,0x42,0x08,0x42,0x08,0x42,0x08,0x4F,0x2C,0x11,0x35,0x11,0x35,0x11,0x35,0x11,0x35,0x65,0x11,0x42,0x08,
  0x62,0x08,0x42,0x08,0x42,0x08,0x42,0x08,0x42,0x08,0x42,0x08,0x62,0x08,0xCE,0x2B,0x12,0x35,0x12,0x35,0x11,0x35,0x11,0x35,
  0x12,0x35,0x12,0x35,0x12,0x35,0x12,0x35,0x12,0x35,0x12,0x35,0x11,0x35,0x0B,0x23,0x42,0x08,0x62,0x08,0x42,0x08,0x42,0x08,
  0x42,0x08,0x42,0x08,0x42,0x08,0x42,0x08,0x82,0x08,0xF1,0x34,0x12,0x35,0x12,0x35,0x12,0x35,0x12,0x35,0xA6,0x11,0x42,0x08,
  0x62,0x08,0x42,0x08,0x42,0x08,0x42,0x08,0x42,0x08,0x42,0x08,0x42,0x08,0x62,0x08,0x42,0x08,0x48,0x1A,0xB0,0x34,0x12,0x35,
  0x12,0x35,0x12,0x35,0x12,0x35,0x11,0x35,0x12,0x35,0x12,0x35,0x12,0x35,0x12,0x35,0x0E,0x2C,0x42,0x08,0x42,0x08,0x62,0x08,
  0x42,0x08,0x0B,0x23,0x12,0x35,0x12,0x35,0x12,0x35,0x12,0x35,0x0B,0x23,0x42,0x08,0x62,0x08,0x42,0x08,0x42,0x08,0x42,0x08,
  0x24,0x11,0x0E,0x2C,0x12,0x35,0x12,0x35,0x12,0x35,0x12,0x35,0x11,0x35,0x12,0x35,0x12,0x35,0x12,0x35,0x12,0x35,0xF1,0x34,
  0x65,0x11,0x42,0x08,0x42,0x08,0x42,0x08,0x42,0x08,0x42,0x08,0x62,0x08,0x42,0x08,0x45,0x11,0xAD,0x23,0x11,0x35,0x12,0x35,
  0x12,0x35,0x12,0x35,0x12,0x35,0x12,0x35,0x12,0x35,0x12,0x35,0x12,0x35,0x12,0x35,0x12,0x35,0xEE,0x2B,0x42,0x08,0x42,0x08,
  0x42,0x08,0xAA,0x1A,0x12,0x35,0x12,0x35,0x12,0x35,0x12,0x35,0x12,0x35,0x12,0x35,0xD1,0x34,0x86,0x11,0x6C,0x23,0x12,0x35,
  0x12,0x35,0x12,0x35,0x12,0x35,0x25,0x11,0x42,0x08,0x42,0x08,0x42,0x08,0x90,0x2C,0x12,0x35,0x12,0x35,0x12,0x35,0x12,0x35,
  0x65,0x11,0x42,0x08,0x62,0x08,0x42,0x08,0x42,0x08,0x42,0x08,0x42,0x08,0x42,0x08,0x42,0x08,0x82,0x08,0x2B,0x23,0x11,0x35,
  0x12,0x35,0x12,0x35,0x12,0x35,0x11,0x35,0x11,0x35,0x12,0x35,0x12,0x35,0x12,0x35,0x12,0x35,0xA9,0x1A,0x42,0x08,0x62,0x08,
  0x42,0x08,0x42,0x08,0x42,0x08,0x42,0x08,0x42,0x08,0x42,0x08,0x62,0x08,0xAA,0x1A,0xEA,0x22,0xEA,0x22,0xEA,0x22,0xEA,0x22,
  0x04,0x09,0x42,0x08,0x42,0x08,0x42,0x08,0x42,0x08,0x42,0x08,0x42,0x08,0x42,0x08,0x42,0x08,0x42,0x08,0x42,0x08,0x42,0x08,
  0xE3,0x08,0xA9,0x1A,0x0E,0x2C,0xD0,0x34,0x11,0x35,0x12,0x35,0xD1,0x34,0x6F,0x2C,0x8C,0x23,0x28,0x1A,0xA3,0x08,0x42,0x08,
  0x42,0x08,0x42,0x08,0x42,0x08,0xC6,0x11,0xEA,0x22,0xEA,0x22,0xEA,0x22,0xEA,0x22,0xC6,0x11,0x42,0x08,0x42,0x08,0x42,0x08,
  0x42,0x08,0x42,0x08,0x42,0x08,0x42,0x08,0x07,0x1A,0xAD,0x23,0x90,0x2C,0xF1,0x34,0x12,0x35,0xF1,0x34,0x90,0x2C,0xEE,0x2B,
  0xAA,0x1A,0x24,0x11,0x42,0x08,0x42,0x08,0x42,0x08,0x42,0x08,0x42,0x08,0x42,0x08,0x42,0x08,0x62,0x08,0x42,0x08,0x42,0x08,
  0x65,0x11,0xEA,0x22,0x0E,0x2C,0xB0,0x2C,0x11,0x35,0x12,0x35,0xF1,0x34,0xB0,0x2C,0x2F,0x2C,0x4B,0x23,0xE7,0x11,0x82,0x08,
  0x42,0x08,0x42,0x08,0x42,0x08,0x42,0x08,0xE7,0x11,0x0E,0x2C,0xD1,0x34,0x12,0x35,0xB0,0x2C,0x6C,0x23,0x25,0x11,0x42,0x08,
  0x28,0x1A,0xEA,0x22,0xEA,0x22,0xEA,0x22,0xEA,0x22,0xC3,0x08,0x42,0x08,0x42,0x08,0x42,0x08,0x89,0x1A,0xEA,0x22,0xEA,0x22,
  0xEA,0x22,0xEA,0x22,0xE4,0x08,0x42,0x08,0x42,0x08,0x42,0x08,0x42,0x08,0x42,0x08,0x42,0x08,0x42,0x08,0x42,0x08,0x42,0x08,
  0x42,0x08,0x65,0x11,0x2B,0x23,0x4F,0x2C,0xF1,0x34,0x12,0x35,0x11,0x35,0xB0,0x34,0x2F,0x2C,0x2B,0x23,0xA6,0x11,0x62,0x08,
  0x42,0x08,0x42,0x08,
};
static const lv_img_dsc_t spl_kata = {
  { LV_IMG_CF_TRUE_COLOR, 0, 0, 134, 25 }, 6700, spl_kata_map
};
